-- phpMyAdmin SQL Dump
-- version 4.3.11.1
-- http://www.phpmyadmin.net
--
-- Gép: localhost
-- Létrehozás ideje: 2015. Már 31. 09:44
-- Kiszolgáló verziója: 5.5.41-MariaDB
-- PHP verzió: 5.4.16

SET SQL_MODE = "NO_AUTO_VALUE_ON_ZERO";
SET time_zone = "+00:00";


/*!40101 SET @OLD_CHARACTER_SET_CLIENT=@@CHARACTER_SET_CLIENT */;
/*!40101 SET @OLD_CHARACTER_SET_RESULTS=@@CHARACTER_SET_RESULTS */;
/*!40101 SET @OLD_COLLATION_CONNECTION=@@COLLATION_CONNECTION */;
/*!40101 SET NAMES utf8 */;

--
-- Adatbázis: `benedekTankonyv`
--

-- --------------------------------------------------------

--
-- Tábla szerkezet ehhez a táblához `diak`
--

CREATE TABLE IF NOT EXISTS `diak` (
  `id` int(11) NOT NULL,
  `nev` varchar(100) COLLATE utf8_hungarian_ci DEFAULT NULL,
  `om` varchar(11) COLLATE utf8_hungarian_ci DEFAULT NULL
) ENGINE=InnoDB AUTO_INCREMENT=349 DEFAULT CHARSET=utf8 COLLATE=utf8_hungarian_ci;

--
-- A tábla adatainak kiíratása `diak`
--

INSERT INTO `diak` (`id`, `nev`, `om`) VALUES
(1, 'Baukál Tamás', '72726421140'),
(2, 'Belák Eszter', '72633564490'),
(3, 'Borvendég Balázs János', '72673166442'),
(4, 'Csókay Bence', '72678059131'),
(5, 'Deák Sebestyén', '72634381323'),
(6, 'Dévai Domonkos', '72776765945'),
(7, 'Dévai Lili', '72776749075'),
(8, 'Erdős Bence', '72744913476'),
(9, 'Franyó Hanga', '72627283654'),
(10, 'Gál Benedek Kristóf', '72680715849'),
(11, 'Gurzó Barnabás', '72634397323'),
(12, 'Gurzó Hanna', '72634396854'),
(13, 'Halász Viktória', '72674207227'),
(14, 'Hántai Csanád', '72804987988'),
(15, 'Hegedűs Gergő', '72624549332'),
(16, 'Hertelendi Anna Luca', '72674446665'),
(17, 'Hódi Zétény', '72713171167'),
(18, 'Hollós Borbála Bianka', '72656952788'),
(19, 'Horváth Zsófia Mária', '72674466425'),
(20, 'Horváth Zsombor', '72674480907'),
(21, 'Kántor Balázs', '72649726437'),
(22, 'Kárpáti Márk', '72808904016'),
(23, 'Kemecsei-Lics Áron Árpád', '72748835387'),
(24, 'Koch Anna Flóra', '72808830271'),
(25, 'Koszta Botond Szabolcs', '72649726713'),
(26, 'Kovács Ágoston Botond', '72649734798'),
(27, 'Kovács Gergő Sándor', '72674507949'),
(28, 'Kovács Teréz Ágnes', '72713765805'),
(29, 'Láng Kristóf', '72690585425'),
(30, 'Lengyel Márton', '72670956900'),
(31, 'Lotz Bálint', '72737693505'),
(32, 'Magó Berta', '72642711915'),
(33, 'Molnár Boglárka Anna', '72691180270'),
(34, 'Nagy Benedek', '72738408455'),
(35, 'Németh Domonkos Péter', '72642679317'),
(36, 'Peller Dániel', '72824020350'),
(37, 'Pulai Hanna Petra', '72652399783'),
(38, 'Sárfalvi Áron', '72858504335'),
(39, 'Somogyi Illés', '72649739589'),
(40, 'Szabolcs Lilla', '72735804472'),
(41, 'Szél Sebő', '72742222342'),
(42, 'Szilágyi Boldizsár', '72674719477'),
(43, 'Szkladányi Csongor', '72683353073'),
(44, 'Tordai Tamara Réka', '72689738693'),
(45, 'Várszegi Kristóf Miklós', '72671376816'),
(46, 'Veress Zalán', '72642687865'),
(47, 'Boromissza Gábor', '1'),
(48, 'Csernus Pál László', '72867125065'),
(49, 'Illés Adrienn', '72228492308'),
(50, 'Illés Dániel', '75818620872'),
(51, 'Kerschbaummayer Eliza', '72804873459'),
(52, 'Marusa Lili Mária', '75338604774'),
(53, 'Püspök Mátyás', '73176199220'),
(54, 'Somogyi Gergely', '76467827162'),
(55, 'Földes András Bálint', '72746521054'),
(56, 'Frecot Bálint', '75056416756'),
(57, 'Kassay-Kézi Édua Zolna', '75556848648'),
(58, 'Kiss Levente', '73633219220'),
(59, 'Kiss Levente Rafael', '73493806992'),
(60, 'Máray Zsófia', '75286731512'),
(61, 'Martini Eszter', '79456481289'),
(62, 'Oggolder Gergely Pál', '75141471790'),
(63, 'Peller Dorottya', '78850743722'),
(64, 'Rengei Cintia Katalin', '71371583277'),
(65, 'Rieger Krisztina', '76751144538'),
(66, 'Stoffán György Nimród', '71891967679'),
(67, 'Tapolcai Kata', '79425896887'),
(68, 'Biró Adorján Péter', '73513379841'),
(69, 'Brassai-Dávid József Zsolt', '77213191405'),
(70, 'Fehér Beáta Cintia', '76769004840'),
(71, 'György Anna', '78797808455'),
(72, 'Hegyi Domonkos Péter', '76302305349'),
(73, 'Pálfay Anna', '77668207409'),
(74, 'Sebestény Bernát', '79801010202'),
(75, 'Szabó Dorka', '71850803363'),
(76, 'Czékus Kitti Katalin', '79653410725'),
(77, 'Kiss Borbála Tünde', '73044859857'),
(78, 'Korsós Kitty Orsolya', '72766402972'),
(79, 'Lendvai Csenge Beáta', '79821993364'),
(80, 'Máray Balázs Dávid', '76685146261'),
(81, 'Marusa Boglárka Éva', '79240808159'),
(82, 'Barta Kristóf Emánuel', '76121493700'),
(83, 'Floidl Botond', '78110382814'),
(84, 'Szarvas Cecília', '77280268271'),
(85, 'Bejek Anna', '72566839763'),
(86, 'Biber Ágoston', '72566840316'),
(87, 'Bódis Vince', '72566841467'),
(88, 'Dellei Bernadett', '72566842606'),
(89, 'Gremsperger Aliz Júlia', '72566844932'),
(90, 'Hegymegi-Barakonyi Gergely', '72566845813'),
(91, 'Kecskés Panka', '72537955461'),
(92, 'Madaras Máté', '72566852344'),
(93, 'Örsi János András', '72566854803'),
(94, 'Pataki Domonkos', '72566855186'),
(95, 'Pluhár-Sági Vince', '72566855909'),
(96, 'Somody Anna', '72566856254'),
(97, 'Szörényi Zsófia', '72566858562'),
(98, 'Tarcsai Dániel', '72566859200'),
(99, 'Tóth Blanka Lotti', '72566860373'),
(100, 'Antal Dávid', '72566838597'),
(101, 'Bauer Blanka', '72566839487'),
(102, 'Csókay Anna', '72566842070'),
(103, 'Dabóczi Mária Veronika', '72599221680'),
(104, 'Domokos Barnabás János', '72566843864'),
(105, 'Hollán Júlia', '72566846928'),
(106, 'Kállai Luca', '72566848987'),
(107, 'Karacs Villő Dorottya', '72566849189'),
(108, 'Kovács Benedek', '72566849394'),
(109, 'Kürtösi Mátyás', '72566850386'),
(110, 'Szakter Bulcsú', '72566856862'),
(111, 'Szalai Márk', '72566857369'),
(112, 'Szedlák Zsombor Soma', '2'),
(113, 'Székely Zita', '72566858034'),
(114, 'Veress Csaba', '72566861808'),
(115, 'Csiszér Blanka', '72508636712'),
(116, 'Fodor Balázs', '72433969742'),
(117, 'Hantos Gyula Benedek', '72433957008'),
(118, 'Laborczi Hanna', '72433960086'),
(119, 'Márton Gábor Áron', '72508755455'),
(120, 'Örsi Kata Anna', '72433956412'),
(121, 'Riszterer Annamária', '72433950974'),
(122, 'Simon Sebestyén', '72433950339'),
(123, 'Träger Tamás', '72433954839'),
(124, 'Bejek Botond', '72433957296'),
(125, 'Dabóczi Máté', '72385059456'),
(126, 'Gremsperger Gábor Géza', '72433968638'),
(127, 'Horváth Sára Rozália', '72433952502'),
(128, 'Kiss Domonkos', '72433958794'),
(129, 'Kiss-Ötvös Lili Emese', '72433959746'),
(130, 'Magó Barnabás', '72433951962'),
(131, 'Mozol Tamás Benedek', '72433955602'),
(132, 'Peller Róbert', '72433954445'),
(133, 'Szilágyi Márton', '72433956243'),
(134, 'Tarcsai Mária', '72433952988'),
(135, 'Ternovics Lilla', '72439826086'),
(136, 'Vas Lenke Róza', '72433955792'),
(137, 'Biber Áron Benedek', '72346195055'),
(138, 'Bolyki Máté', '72343654940'),
(139, 'Frecot Veronika Sára', '72346205385'),
(140, 'Kállai Csenge', '72383079834'),
(141, 'Kántor Fruzsina', '72369264672'),
(142, 'Lengyel Anna', '72346215309'),
(143, 'Marton Olivér Fülöp', '72354315612'),
(144, 'Óvári Péter', '72346222671'),
(145, 'Sándor Valéria Viktória', '72348415935'),
(146, 'Somogyi Kristóf', '72369253356'),
(147, 'Tóth Domonkos Ferenc', '72346231625'),
(148, 'Veress Botond', '72346233263'),
(149, 'Bejek Máté', '72151005844'),
(150, 'Domokos Mihály Boldizsár', '72167304746'),
(151, 'Hantos Adél', '72151019296'),
(152, 'Horváth Luca Kata', '72151026281'),
(153, 'Palásthy Panna Borbála', '72151039637'),
(154, 'Ternovics Máté', '72157998939'),
(155, 'Borka Vince', '72230034121'),
(156, 'Csiszér Noémi', '72302555353'),
(157, 'Dabóczi Ágoston', '72230036565'),
(158, 'Hajder Kinga', '72167323222'),
(159, 'Hódi Balassa', '72158059560'),
(160, 'Horváth Zoltán', '72155335928'),
(161, 'Jáky Dániel Fülöp', '72167327722'),
(162, 'Kapitány András Zsolt', '72230047774'),
(163, 'Kedves Réka Napsugár', '72140667135'),
(164, 'Kiss Imre Bálint', '72151061905'),
(165, 'Kőnig László Péter', '72167321326'),
(166, 'Martini Péter', '72158458387'),
(167, 'Rieger Miklós', '72151043685'),
(168, 'Rőth Dávid', '72158073588'),
(169, 'Szabó Miklós', '72167324266'),
(170, 'Székely Kata', '72157499984'),
(171, 'Veress Mária', '72155354164'),
(172, 'Wenner Eszter', '72166346670'),
(173, 'Bernáth Marcell Attila', '3'),
(174, 'Bóka Benedek', '71614773899'),
(175, 'Kiss Bertalan', '71629518856'),
(176, 'Kovács Enikő Anna', '71827792968'),
(177, 'Laborczi Dániel', '71617750501'),
(178, 'Nagy-Bozsoky Márton', '71552174582'),
(179, 'Ostorházi Kinga Réka', '71598153074'),
(180, 'Palya Gergely', '71657075991'),
(181, 'Simon János Dániel', '71619493083'),
(182, 'Bolyki Dávid', '71589880150'),
(183, 'Eperjessy Zsombor Hunor', '71606338688'),
(184, 'Hódi Mandula', '71608181186'),
(185, 'Kállai Dalma', '71624211355'),
(186, 'Kecskés Dorka', '75382105891'),
(187, 'Kiss Dóra Sarolta', '71627719102'),
(188, 'Vigassy Levente Richárd', '71605001346'),
(189, 'Csepely Anna', '79208302516'),
(190, 'Eleméry Kolos Tivadar', '73427819779'),
(191, 'Frecot Barna', '76444497763'),
(192, 'Horváth Orsolya', '76964617450'),
(193, 'Jáky Mátyás', '77628348879'),
(194, 'Miticzky Antal József', '74518900114'),
(195, 'Nyuli Barnabás', '79468120421'),
(196, 'Somogyi Máté', '79711385541'),
(197, 'Szilágyi Vince', '75267579871'),
(198, 'Borka Bálint', '71770694942'),
(199, 'Domokos Berta Zsófia', '76406088696'),
(200, 'Hántai Gergő', '74379858862'),
(201, 'Hugauf Soma', '72710946253'),
(202, 'Illés Károly', '76107387038'),
(203, 'Kruppi Roland', '72262174374'),
(204, 'Kürtösi Marcell', '74250630529'),
(205, 'Palásthy Bende Árpád', '78635457392'),
(206, 'Panka Lili', '77071438644'),
(207, 'Simon Ákos', '75138826857'),
(208, 'Alexay Gergely', '79019910362'),
(209, 'Alexay Nóra', '78786265076'),
(210, 'Belák Anna', '78369914428'),
(211, 'Bolyki Levente', '75852509053'),
(212, 'Iván Szabolcs Balázs', '73220302507'),
(213, 'Rieger Ádám', '79360993440'),
(214, 'Simon Dorottya', '76564961490'),
(215, 'Székely Nóra', '73652819057'),
(216, 'Tóth Kristóf Attila', '74090823186'),
(217, 'Arendt Vilmos', '73896308920'),
(218, 'Gurzó Zsanett Cintia', '72701605854'),
(219, 'Károlyi Villő Csilla', '76979873662'),
(220, 'Kaszab Luca Dorottya', '73055088639'),
(221, 'Kiss Júlia Eszter', '79355544470'),
(222, 'Paller Éva', '78166259709'),
(223, 'Vida Lili Mária', '73272064805'),
(224, 'Csoboth-Róbert Áron', '71993657088'),
(225, 'Détár Balázs Ákos', '73026102132'),
(226, 'Détár Botond László', '72590039576'),
(227, 'Floidl Zsombor', '72252314640'),
(228, 'Havass Benedek Ármin', '77688993879'),
(229, 'Ostorházi Hajna Anna', '73210688934'),
(230, 'Sándor István Nicolaus', '77240726710'),
(231, 'Sárándi Attila', '76647912726'),
(232, 'Adegbite Dennis Samuel', '4'),
(233, 'Berecz Réka Mária', '79394353675'),
(234, 'Domonkos Kende', '78059303715'),
(235, 'Endrődi Sebestyén', '79001952335'),
(236, 'Földes Zoltán Szabolcs', '76575815033'),
(237, 'Kaszab Fruzsina Anna', '75962464305'),
(238, 'Kis László Tibor', '73270829159'),
(239, 'Kiss Bálint János', '73390118620'),
(240, 'Meláth Kristóf', '74454283560'),
(241, 'Turi Borbála', '73570903998'),
(242, 'Bolyki Gergő', '77341502840'),
(243, 'Csernus Fülöp László', '77460698145'),
(244, 'Jávori Dalma', '74213816898'),
(245, 'Kecskés Áron', '74123394047'),
(246, 'Kiss Anikó Mária', '72446813631'),
(247, 'Kovács Kristóf', '71837817102'),
(248, 'Palásthy Levente Péter', '73439958980'),
(249, 'Peller Mónika', '76309374034'),
(250, 'Riszterer István', '72063443210'),
(251, 'Svantek Zsófia', '75472227140'),
(252, 'Török Renáta Annamária', '78014985529'),
(253, 'Babos Bendegúz', '72670019757'),
(254, 'Barcza Dóra', '72701308107'),
(255, 'Biber Zsigmond', '72634372709'),
(256, 'Csörsz Júlia Mara', '72978135483'),
(257, 'Florea Dominik', '72659258384'),
(258, 'Györky Boglárka Johanna', '72723643824'),
(259, 'Hantos Orsolya', '72652535203'),
(260, 'Hetényi Sári', '72713349541'),
(261, 'Hollán András', '72642726130'),
(262, 'Kántor Zsanka Eszter', '72658140218'),
(263, 'Keresztes Levente István', '72737672579'),
(264, 'Király Jázmin', '72671173027'),
(265, 'Lerner Dóra', '72671209504'),
(266, 'Lesták Lelle', '72763894435'),
(267, 'Markó Martin', '72674523085'),
(268, 'Menyhárt Zsófia Eszter', '72727490821'),
(269, 'Nagy-Kanász Mária Fausztina', '72737713671'),
(270, 'Németh Nelli Anna', '72674639483'),
(271, 'Riszterer Mátyás', '72674673609'),
(272, 'Szabó Albert', '72642730975'),
(273, 'Szakter Hajnal', '72698853489'),
(274, 'Szendrői Anna Sarolta', '72748699516'),
(275, 'Temesvári Márton', '72699207835'),
(276, 'Tóth Lelle Hedvig', '72747533102'),
(277, 'Bakonyi Jakab', '72673046622'),
(278, 'Balázs Előd', '72953511670'),
(279, 'Bauer Zita', '72738424501'),
(280, 'Benedek-Sároncsi Csaba', '72718274087'),
(281, 'Csabai Csenge Viktória', '72667355972'),
(282, 'Csókay Katalin', '72671436280'),
(283, 'Dabóczi Judit Eszter', '72641032073'),
(284, 'Deák Dalma', '72634381931'),
(285, 'Gál-Olasz Sarolta Szonja', '72642705186'),
(286, 'Garzó Gergely', '72726066436'),
(287, 'Gólik Benjámin János', '72688301169'),
(288, 'Gulyás Sámuel András', '72673289513'),
(289, 'Hódi Borostyán', '72702741879'),
(290, 'Karacs Luca Veronika', '72642707618'),
(291, 'Kökény Enikő', '72978134430'),
(292, 'Kucza Anna Borbála', '72771571134'),
(293, 'Laczkó Balázs', '72770765376'),
(294, 'Mati Réka Zsófia', '72672195181'),
(295, 'Mészáros Adrienn Médea', '72642669310'),
(296, 'Nagy Júlia Erzsébet', '72691301797'),
(297, 'Olaj Mátyás Bence', '72672314658'),
(298, 'Ottó Barnabás Máté', '72699913821'),
(299, 'Schramek Petra Anna', '72686534125'),
(300, 'Szabó Panna', '72634446642'),
(301, 'Vas Flóra', '72718206828'),
(302, 'Závoti Soma Gellért', '72741542347'),
(303, 'Béres Harmat Ilona', '72720712777'),
(304, 'Kas Eszter', '72715220206'),
(305, 'Kökény Ákos', '72867654091'),
(306, 'Somorjai Réka', '72808947318'),
(307, 'Lendvai Simon', '72937956281'),
(308, 'Marton Oszkár Félix', '72713305636'),
(309, 'Béres Hajnal Ilona', '72559055520'),
(310, 'Rőth Áron', '72567316695'),
(311, 'Szemes Dániel István', '72568944697'),
(312, 'Bartha Alexandra Andrea', '72439819546'),
(313, 'Borka Cecília', '72385058379'),
(314, 'Balog Balázs', '72351257702'),
(315, 'Csepely Réka', '72346198674'),
(316, 'Eperjessy Lilla Dalma', '72346204996'),
(317, 'Held Fruzsina', '72349891307'),
(318, 'Kelemen Anna', '72386632665'),
(319, 'Kürtösi Janka', '72354311963'),
(320, 'Perlik Boglárka Petra', '72363008684'),
(321, 'Rengei Mirella Rita', '72384466411'),
(322, 'Szemes Balázs Béla', '72351269543'),
(323, 'Tóth Panna Rebeka', '72380833085'),
(324, 'Kökény Réka', '72158048576'),
(325, 'Németh Dános András', '72151036493'),
(326, 'Szabó Andrea Hanna', '72167314706'),
(327, 'Nagy Petra Hanga', '72148493687'),
(328, 'Veress Botond', '71610919879'),
(329, 'Bakos Boglárka Júlia', '71606329348'),
(330, 'Szabó Márton Attila', '71618237605'),
(331, 'Kökény Eszter', '75979093060'),
(332, 'Hegedűs Levente', '73277489970'),
(333, 'Balla Klára', '73515628409'),
(334, 'Baumgartner Péter', '74699066650'),
(335, 'Grósz Mátyás', '72128341795'),
(336, 'Molnár Fanni', '77790241408'),
(337, 'Németh Dániel István', '78357992299'),
(338, 'Püspök Réka', '78109324219'),
(339, 'Stefler Gábor', '76011056709'),
(340, 'Tóth Artúr Benedek', '77671723840'),
(341, 'Baumgartner András', '78966357677'),
(342, 'Vig Erzsébet', '79234789639'),
(343, 'Kiss Levente', '71750893751'),
(344, 'Császár Eszter', '73939231614'),
(345, 'Csernus Mihály László', '79524337555'),
(348, 'asd', '1234');

-- --------------------------------------------------------

--
-- Tábla szerkezet ehhez a táblához `diakkonyv`
--

CREATE TABLE IF NOT EXISTS `diakkonyv` (
  `id` int(11) NOT NULL,
  `konyvId` int(11) DEFAULT NULL,
  `osztalyEvId` int(11) DEFAULT NULL,
  `diakOsztalyEvId` int(11) DEFAULT NULL,
  `kiadasDatuma` date DEFAULT NULL,
  `visszavetelDatuma` date DEFAULT NULL
) ENGINE=InnoDB AUTO_INCREMENT=1146 DEFAULT CHARSET=utf8 COLLATE=utf8_hungarian_ci;

--
-- A tábla adatainak kiíratása `diakkonyv`
--

INSERT INTO `diakkonyv` (`id`, `konyvId`, `osztalyEvId`, `diakOsztalyEvId`, `kiadasDatuma`, `visszavetelDatuma`) VALUES
(1, 25, 2, 47, '2015-03-19', NULL),
(2, 25, 2, 47, '2015-03-19', NULL),
(3, 17, 2, 47, '2015-03-19', NULL),
(4, 25, 2, 47, '2015-03-19', NULL),
(5, 14, 2, 47, '2015-03-19', NULL),
(6, 17, 2, 47, '2015-03-19', NULL),
(7, 31, 3, 55, '2015-03-19', NULL),
(8, 32, 3, 55, '2015-03-19', NULL),
(9, 33, 3, 55, '2015-03-19', NULL),
(10, 31, 3, 55, '2015-03-19', NULL),
(11, 32, 3, 55, '2015-03-19', NULL),
(12, 29, 3, 55, '2015-03-19', NULL),
(13, 33, 3, 55, '2015-03-19', NULL),
(14, 34, 3, 55, '2015-03-19', NULL),
(15, 30, 3, 55, '2015-03-19', NULL),
(16, 31, 3, 55, '2015-03-19', NULL),
(17, 32, 3, 55, '2015-03-19', NULL),
(18, 33, 3, 55, '2015-03-19', NULL),
(19, 28, 3, 55, '2015-03-19', NULL),
(20, 29, 3, 55, '2015-03-19', NULL),
(21, 31, 3, 55, '2015-03-19', NULL),
(22, 32, 3, 55, '2015-03-19', NULL),
(23, 33, 3, 55, '2015-03-19', NULL),
(24, 30, 3, 55, '2015-03-19', NULL),
(25, 31, 3, 55, '2015-03-19', NULL),
(26, 32, 3, 55, '2015-03-19', NULL),
(27, 33, 3, 55, '2015-03-19', NULL),
(28, 28, 3, 55, '2015-03-19', NULL),
(29, 34, 3, 55, '2015-03-19', NULL),
(30, 30, 3, 55, '2015-03-19', NULL),
(31, 31, 3, 55, '2015-03-19', NULL),
(32, 32, 3, 55, '2015-03-19', NULL),
(33, 33, 3, 55, '2015-03-19', NULL),
(34, 28, 3, 55, '2015-03-19', NULL),
(35, 31, 3, 55, '2015-03-19', NULL),
(36, 32, 3, 55, '2015-03-19', NULL),
(37, 33, 3, 55, '2015-03-19', NULL),
(38, 31, 3, 55, '2015-03-19', NULL),
(39, 32, 3, 55, '2015-03-19', NULL),
(40, 33, 3, 55, '2015-03-19', NULL),
(41, 31, 3, 55, '2015-03-19', NULL),
(42, 32, 3, 55, '2015-03-19', NULL),
(43, 33, 3, 55, '2015-03-19', NULL),
(44, 34, 3, 55, '2015-03-19', NULL),
(45, 31, 3, 55, '2015-03-19', NULL),
(46, 32, 3, 55, '2015-03-19', NULL),
(47, 33, 3, 55, '2015-03-19', NULL),
(48, 28, 3, 55, '2015-03-19', NULL),
(49, 34, 3, 55, '2015-03-19', NULL),
(50, 28, 3, 55, '2015-03-19', NULL),
(51, 30, 3, 55, '2015-03-19', NULL),
(52, 31, 3, 55, '2015-03-19', NULL),
(53, 32, 3, 55, '2015-03-19', NULL),
(54, 29, 3, 55, '2015-03-19', NULL),
(55, 33, 3, 55, '2015-03-19', NULL),
(56, 44, 5, 77, '2015-03-19', NULL),
(57, 45, 5, 77, '2015-03-19', NULL),
(58, 46, 8, 101, '2015-03-19', NULL),
(59, 47, 8, 101, '2015-03-19', NULL),
(60, 48, 8, 101, '2015-03-19', NULL),
(61, 49, 8, 101, '2015-03-19', NULL),
(62, 50, 8, 101, '2015-03-19', NULL),
(63, 51, 8, 101, '2015-03-19', NULL),
(64, 52, 8, 101, '2015-03-19', NULL),
(65, 53, 8, 101, '2015-03-19', NULL),
(66, 54, 8, 101, '2015-03-19', NULL),
(67, 55, 8, 101, '2015-03-19', NULL),
(68, 56, 8, 101, '2015-03-19', NULL),
(69, 57, 8, 101, '2015-03-19', NULL),
(70, 58, 8, 101, '2015-03-19', NULL),
(71, 59, 8, 101, '2015-03-19', NULL),
(72, 60, 8, 101, '2015-03-19', NULL),
(73, 92, 12, 152, '2015-03-19', NULL),
(74, 92, 12, 152, '2015-03-19', NULL),
(75, 92, 12, 152, '2015-03-19', NULL),
(76, 92, 12, 152, '2015-03-19', NULL),
(77, 92, 12, 152, '2015-03-19', NULL),
(78, 92, 12, 152, '2015-03-19', NULL),
(79, 92, 13, 158, '2015-03-19', NULL),
(80, 92, 13, 158, '2015-03-19', NULL),
(81, 92, 13, 158, '2015-03-19', NULL),
(82, 92, 13, 158, '2015-03-19', NULL),
(83, 92, 13, 158, '2015-03-19', NULL),
(84, 92, 13, 158, '2015-03-19', NULL),
(85, 92, 13, 158, '2015-03-19', NULL),
(86, 92, 13, 158, '2015-03-19', NULL),
(87, 92, 13, 158, '2015-03-19', NULL),
(88, 92, 13, 158, '2015-03-19', NULL),
(89, 92, 13, 158, '2015-03-19', NULL),
(90, 92, 13, 158, '2015-03-19', NULL),
(91, 92, 13, 158, '2015-03-19', NULL),
(92, 92, 13, 158, '2015-03-19', NULL),
(93, 99, 13, 158, '2015-03-19', NULL),
(94, 92, 13, 158, '2015-03-19', NULL),
(95, 92, 13, 158, '2015-03-19', NULL),
(96, 92, 13, 158, '2015-03-19', NULL),
(97, 92, 13, 158, '2015-03-19', NULL),
(98, 114, 16, 192, '2015-03-19', NULL),
(99, 122, 16, 192, '2015-03-19', NULL),
(100, 114, 16, 192, '2015-03-19', NULL),
(101, 122, 16, 192, '2015-03-19', NULL),
(102, 116, 16, 192, '2015-03-19', NULL),
(103, 117, 16, 192, '2015-03-19', NULL),
(104, 115, 17, 201, '2015-03-19', NULL),
(105, 117, 17, 201, '2015-03-19', NULL),
(106, 140, 18, 59, '2015-03-19', NULL),
(107, 131, 19, 220, '2015-03-19', NULL),
(108, 149, 20, 227, '2015-03-19', NULL),
(109, 150, 20, 227, '2015-03-19', NULL),
(110, 152, 20, 227, '2015-03-19', NULL),
(111, 92, 20, 227, '2015-03-19', NULL),
(112, 156, 20, 227, '2015-03-19', NULL),
(113, 158, 20, 227, '2015-03-19', NULL),
(114, 159, 20, 227, '2015-03-19', NULL),
(115, 150, 20, 227, '2015-03-19', NULL),
(116, 156, 20, 227, '2015-03-19', NULL),
(117, 158, 20, 227, '2015-03-19', NULL),
(118, 159, 20, 227, '2015-03-19', NULL),
(119, 150, 20, 227, '2015-03-19', NULL),
(120, 156, 20, 227, '2015-03-19', NULL),
(121, 158, 20, 227, '2015-03-19', NULL),
(122, 159, 20, 227, '2015-03-19', NULL),
(123, 146, 20, 227, '2015-03-19', NULL),
(124, 150, 20, 227, '2015-03-19', NULL),
(125, 156, 20, 227, '2015-03-19', NULL),
(126, 158, 20, 227, '2015-03-19', NULL),
(127, 159, 20, 227, '2015-03-19', NULL),
(128, 149, 20, 227, '2015-03-19', NULL),
(129, 150, 20, 227, '2015-03-19', NULL),
(130, 92, 20, 227, '2015-03-19', NULL),
(131, 158, 20, 227, '2015-03-19', NULL),
(132, 159, 20, 227, '2015-03-19', NULL),
(133, 150, 20, 227, '2015-03-19', NULL),
(134, 158, 20, 227, '2015-03-19', NULL),
(135, 159, 20, 227, '2015-03-19', NULL),
(136, 149, 20, 227, '2015-03-19', NULL),
(137, 150, 20, 227, '2015-03-19', NULL),
(138, 92, 20, 227, '2015-03-19', NULL),
(139, 158, 20, 227, '2015-03-19', NULL),
(140, 159, 20, 227, '2015-03-19', NULL),
(141, 149, 20, 227, '2015-03-19', NULL),
(142, 150, 20, 227, '2015-03-19', NULL),
(143, 92, 20, 227, '2015-03-19', NULL),
(144, 156, 20, 227, '2015-03-19', NULL),
(145, 158, 20, 227, '2015-03-19', NULL),
(146, 159, 20, 227, '2015-03-19', NULL),
(147, 16, 21, 235, '2015-03-19', NULL),
(148, 17, 21, 235, '2015-03-19', NULL),
(149, 153, 21, 235, '2015-03-19', NULL),
(150, 18, 21, 235, '2015-03-19', NULL),
(151, 165, 21, 235, '2015-03-19', NULL),
(152, 159, 21, 235, '2015-03-19', NULL),
(153, 162, 21, 235, '2015-03-19', NULL),
(154, 16, 21, 235, '2015-03-19', NULL),
(155, 17, 21, 235, '2015-03-19', NULL),
(156, 18, 21, 235, '2015-03-19', NULL),
(157, 159, 21, 235, '2015-03-19', NULL),
(158, 16, 21, 235, '2015-03-19', NULL),
(159, 17, 21, 235, '2015-03-19', NULL),
(160, 153, 21, 235, '2015-03-19', NULL),
(161, 18, 21, 235, '2015-03-19', NULL),
(162, 159, 21, 235, '2015-03-19', NULL),
(163, 16, 21, 235, '2015-03-19', NULL),
(164, 17, 21, 235, '2015-03-19', NULL),
(165, 18, 21, 235, '2015-03-19', NULL),
(166, 159, 21, 235, '2015-03-19', NULL),
(167, 162, 21, 235, '2015-03-19', NULL),
(168, 16, 21, 235, '2015-03-19', NULL),
(169, 17, 21, 235, '2015-03-19', NULL),
(170, 18, 21, 235, '2015-03-19', NULL),
(171, 159, 21, 235, '2015-03-19', NULL),
(172, 162, 21, 235, '2015-03-19', NULL),
(173, 17, 21, 235, '2015-03-19', NULL),
(174, 159, 21, 235, '2015-03-19', NULL),
(175, 147, 21, 235, '2015-03-19', NULL),
(176, 148, 21, 235, '2015-03-19', NULL),
(177, 16, 21, 235, '2015-03-19', NULL),
(178, 17, 21, 235, '2015-03-19', NULL),
(179, 153, 21, 235, '2015-03-19', NULL),
(180, 18, 21, 235, '2015-03-19', NULL),
(181, 159, 21, 235, '2015-03-19', NULL),
(182, 162, 21, 235, '2015-03-19', NULL),
(183, 147, 21, 235, '2015-03-19', NULL),
(184, 148, 21, 235, '2015-03-19', NULL),
(185, 16, 21, 235, '2015-03-19', NULL),
(186, 17, 21, 235, '2015-03-19', NULL),
(187, 153, 21, 235, '2015-03-19', NULL),
(188, 18, 21, 235, '2015-03-19', NULL),
(189, 165, 21, 235, '2015-03-19', NULL),
(190, 159, 21, 235, '2015-03-19', NULL),
(191, 162, 21, 235, '2015-03-19', NULL),
(192, 152, 22, 246, '2015-03-19', NULL),
(193, 156, 22, 246, '2015-03-19', NULL),
(194, 152, 22, 246, '2015-03-19', NULL),
(195, 156, 22, 246, '2015-03-19', NULL),
(196, 151, 22, 246, '2015-03-19', NULL),
(197, 152, 22, 246, '2015-03-19', NULL),
(198, 156, 22, 246, '2015-03-19', NULL),
(199, 152, 22, 246, '2015-03-19', NULL),
(200, 156, 22, 246, '2015-03-19', NULL),
(201, 152, 22, 246, '2015-03-19', NULL),
(202, 156, 22, 246, '2015-03-19', NULL),
(203, 165, 22, 246, '2015-03-19', NULL),
(204, 150, 22, 246, '2015-03-19', NULL),
(205, 152, 22, 246, '2015-03-19', NULL),
(206, 152, 22, 246, '2015-03-19', NULL),
(207, 156, 22, 246, '2015-03-19', NULL),
(208, 152, 22, 246, '2015-03-19', NULL),
(209, 156, 22, 246, '2015-03-19', NULL),
(210, 165, 22, 246, '2015-03-19', NULL),
(211, 152, 22, 246, '2015-03-19', NULL),
(212, 156, 22, 246, '2015-03-19', NULL),
(213, 165, 22, 246, '2015-03-19', NULL),
(214, 146, 22, 246, '2015-03-19', NULL),
(215, 150, 22, 246, '2015-03-19', NULL),
(216, 151, 22, 246, '2015-03-19', NULL),
(217, 152, 22, 246, '2015-03-19', NULL),
(218, 156, 22, 246, '2015-03-19', NULL),
(219, 165, 22, 246, '2015-03-19', NULL),
(220, 4, 25, 236, '2015-03-19', NULL),
(221, 13, 25, 236, '2015-03-19', NULL),
(222, 4, 25, 236, '2015-03-19', NULL),
(223, 13, 25, 236, '2015-03-19', NULL),
(224, 4, 25, 236, '2015-03-19', NULL),
(225, 13, 25, 236, '2015-03-19', NULL),
(226, 4, 25, 236, '2015-03-19', NULL),
(227, 13, 25, 236, '2015-03-19', NULL),
(228, 4, 25, 236, '2015-03-19', NULL),
(229, 13, 25, 236, '2015-03-19', NULL),
(230, 178, 27, 258, '2015-03-19', NULL),
(231, 179, 27, 258, '2015-03-19', NULL),
(232, 183, 27, 258, '2015-03-19', NULL),
(233, 178, 27, 258, '2015-03-19', NULL),
(234, 179, 27, 258, '2015-03-19', NULL),
(235, 183, 27, 258, '2015-03-19', NULL),
(236, 178, 27, 258, '2015-03-19', NULL),
(237, 179, 27, 258, '2015-03-19', NULL),
(238, 183, 27, 258, '2015-03-19', NULL),
(239, 178, 27, 258, '2015-03-19', NULL),
(240, 179, 27, 258, '2015-03-19', NULL),
(241, 183, 27, 258, '2015-03-19', NULL),
(242, 178, 27, 258, '2015-03-19', NULL),
(243, 179, 27, 258, '2015-03-19', NULL),
(244, 183, 27, 258, '2015-03-19', NULL),
(245, 178, 27, 258, '2015-03-19', NULL),
(246, 179, 27, 258, '2015-03-19', NULL),
(247, 183, 27, 258, '2015-03-19', NULL),
(248, 178, 27, 258, '2015-03-19', NULL),
(249, 179, 27, 258, '2015-03-19', NULL),
(250, 183, 27, 258, '2015-03-19', NULL),
(251, 178, 27, 258, '2015-03-19', NULL),
(252, 179, 27, 258, '2015-03-19', NULL),
(253, 183, 27, 258, '2015-03-19', NULL),
(254, 178, 27, 258, '2015-03-19', NULL),
(255, 179, 27, 258, '2015-03-19', NULL),
(256, 183, 27, 258, '2015-03-19', NULL),
(257, 178, 27, 258, '2015-03-19', NULL),
(258, 179, 27, 258, '2015-03-19', NULL),
(259, 183, 27, 258, '2015-03-19', NULL),
(260, 178, 27, 258, '2015-03-19', NULL),
(261, 179, 27, 258, '2015-03-19', NULL),
(262, 183, 27, 258, '2015-03-19', NULL),
(263, 178, 27, 258, '2015-03-19', NULL),
(264, 179, 27, 258, '2015-03-19', NULL),
(265, 183, 27, 258, '2015-03-19', NULL),
(266, 178, 27, 258, '2015-03-19', NULL),
(267, 179, 27, 258, '2015-03-19', NULL),
(268, 183, 27, 258, '2015-03-19', NULL),
(269, 178, 27, 258, '2015-03-19', NULL),
(270, 179, 27, 258, '2015-03-19', NULL),
(271, 183, 27, 258, '2015-03-19', NULL),
(272, 178, 27, 258, '2015-03-19', NULL),
(273, 179, 27, 258, '2015-03-19', NULL),
(274, 183, 27, 258, '2015-03-19', NULL),
(275, 178, 27, 258, '2015-03-19', NULL),
(276, 179, 27, 258, '2015-03-19', NULL),
(277, 183, 27, 258, '2015-03-19', NULL),
(278, 178, 27, 258, '2015-03-19', NULL),
(279, 179, 27, 258, '2015-03-19', NULL),
(280, 183, 27, 258, '2015-03-19', NULL),
(281, 178, 27, 258, '2015-03-19', NULL),
(282, 179, 27, 258, '2015-03-19', NULL),
(283, 183, 27, 258, '2015-03-19', NULL),
(284, 178, 27, 258, '2015-03-19', NULL),
(285, 179, 27, 258, '2015-03-19', NULL),
(286, 183, 27, 258, '2015-03-19', NULL),
(287, 178, 27, 258, '2015-03-19', NULL),
(288, 179, 27, 258, '2015-03-19', NULL),
(289, 183, 27, 258, '2015-03-19', NULL),
(290, 178, 27, 258, '2015-03-19', NULL),
(291, 179, 27, 258, '2015-03-19', NULL),
(292, 183, 27, 258, '2015-03-19', NULL),
(293, 178, 27, 258, '2015-03-19', NULL),
(294, 179, 27, 258, '2015-03-19', NULL),
(295, 183, 27, 258, '2015-03-19', NULL),
(296, 178, 27, 258, '2015-03-19', NULL),
(297, 179, 27, 258, '2015-03-19', NULL),
(298, 183, 27, 258, '2015-03-19', NULL),
(299, 178, 27, 258, '2015-03-19', NULL),
(300, 179, 27, 258, '2015-03-19', NULL),
(301, 183, 27, 258, '2015-03-19', NULL),
(302, 178, 27, 258, '2015-03-19', NULL),
(303, 179, 27, 258, '2015-03-19', NULL),
(304, 183, 27, 258, '2015-03-19', NULL),
(305, 178, 27, 258, '2015-03-19', NULL),
(306, 179, 27, 258, '2015-03-19', NULL),
(307, 183, 27, 258, '2015-03-19', NULL),
(308, 178, 28, 259, '2015-03-19', NULL),
(309, 179, 28, 259, '2015-03-19', NULL),
(310, 183, 28, 259, '2015-03-19', NULL),
(311, 178, 28, 259, '2015-03-19', NULL),
(312, 179, 28, 259, '2015-03-19', NULL),
(313, 183, 28, 259, '2015-03-19', NULL),
(314, 178, 28, 259, '2015-03-19', NULL),
(315, 179, 28, 259, '2015-03-19', NULL),
(316, 183, 28, 259, '2015-03-19', NULL),
(317, 178, 28, 259, '2015-03-19', NULL),
(318, 179, 28, 259, '2015-03-19', NULL),
(319, 183, 28, 259, '2015-03-19', NULL),
(320, 178, 28, 259, '2015-03-19', NULL),
(321, 179, 28, 259, '2015-03-19', NULL),
(322, 183, 28, 259, '2015-03-19', NULL),
(323, 178, 28, 259, '2015-03-19', NULL),
(324, 179, 28, 259, '2015-03-19', NULL),
(325, 183, 28, 259, '2015-03-19', NULL),
(326, 178, 28, 259, '2015-03-19', NULL),
(327, 179, 28, 259, '2015-03-19', NULL),
(328, 183, 28, 259, '2015-03-19', NULL),
(329, 178, 28, 259, '2015-03-19', NULL),
(330, 179, 28, 259, '2015-03-19', NULL),
(331, 183, 28, 259, '2015-03-19', NULL),
(332, 178, 28, 259, '2015-03-19', NULL),
(333, 179, 28, 259, '2015-03-19', NULL),
(334, 183, 28, 259, '2015-03-19', NULL),
(335, 178, 28, 259, '2015-03-19', NULL),
(336, 179, 28, 259, '2015-03-19', NULL),
(337, 183, 28, 259, '2015-03-19', NULL),
(338, 178, 28, 259, '2015-03-19', NULL),
(339, 179, 28, 259, '2015-03-19', NULL),
(340, 183, 28, 259, '2015-03-19', NULL),
(341, 178, 28, 259, '2015-03-19', NULL),
(342, 179, 28, 259, '2015-03-19', NULL),
(343, 183, 28, 259, '2015-03-19', NULL),
(344, 178, 28, 259, '2015-03-19', NULL),
(345, 179, 28, 259, '2015-03-19', NULL),
(346, 183, 28, 259, '2015-03-19', NULL),
(347, 178, 28, 259, '2015-03-19', NULL),
(348, 179, 28, 259, '2015-03-19', NULL),
(349, 183, 28, 259, '2015-03-19', NULL),
(350, 178, 28, 259, '2015-03-19', NULL),
(351, 179, 28, 259, '2015-03-19', NULL),
(352, 183, 28, 259, '2015-03-19', NULL),
(353, 178, 28, 259, '2015-03-19', NULL),
(354, 179, 28, 259, '2015-03-19', NULL),
(355, 183, 28, 259, '2015-03-19', NULL),
(356, 178, 28, 259, '2015-03-19', NULL),
(357, 179, 28, 259, '2015-03-19', NULL),
(358, 183, 28, 259, '2015-03-19', NULL),
(359, 178, 28, 259, '2015-03-19', NULL),
(360, 179, 28, 259, '2015-03-19', NULL),
(361, 183, 28, 259, '2015-03-19', NULL),
(362, 178, 28, 259, '2015-03-19', NULL),
(363, 179, 28, 259, '2015-03-19', NULL),
(364, 183, 28, 259, '2015-03-19', NULL),
(365, 178, 28, 259, '2015-03-19', NULL),
(366, 179, 28, 259, '2015-03-19', NULL),
(367, 183, 28, 259, '2015-03-19', NULL),
(368, 178, 28, 259, '2015-03-19', NULL),
(369, 179, 28, 259, '2015-03-19', NULL),
(370, 183, 28, 259, '2015-03-19', NULL),
(371, 178, 28, 259, '2015-03-19', NULL),
(372, 179, 28, 259, '2015-03-19', NULL),
(373, 183, 28, 259, '2015-03-19', NULL),
(374, 79, 30, 325, '2015-03-19', NULL),
(375, 82, 30, 325, '2015-03-19', NULL),
(376, 83, 30, 325, '2015-03-19', NULL),
(377, 79, 30, 325, '2015-03-19', NULL),
(378, 82, 30, 325, '2015-03-19', NULL),
(379, 83, 30, 325, '2015-03-19', NULL),
(380, 79, 30, 325, '2015-03-19', NULL),
(381, 82, 30, 325, '2015-03-19', NULL),
(382, 83, 30, 325, '2015-03-19', NULL),
(383, 79, 30, 325, '2015-03-19', NULL),
(384, 82, 30, 325, '2015-03-19', NULL),
(385, 83, 30, 325, '2015-03-19', NULL),
(386, 82, 30, 325, '2015-03-19', NULL),
(387, 83, 30, 325, '2015-03-19', NULL),
(388, 79, 30, 325, '2015-03-19', NULL),
(389, 82, 30, 325, '2015-03-19', NULL),
(390, 83, 30, 325, '2015-03-19', NULL),
(391, 79, 32, 350, '2015-03-19', NULL),
(392, 82, 32, 350, '2015-03-19', NULL),
(393, 83, 32, 350, '2015-03-19', NULL),
(394, 79, 32, 350, '2015-03-19', NULL),
(395, 82, 32, 350, '2015-03-19', NULL),
(396, 83, 32, 350, '2015-03-19', NULL),
(397, 79, 32, 350, '2015-03-19', NULL),
(398, 83, 32, 350, '2015-03-19', NULL),
(399, 79, 32, 350, '2015-03-19', NULL),
(400, 82, 32, 350, '2015-03-19', NULL),
(401, 83, 32, 350, '2015-03-19', NULL),
(402, 79, 32, 350, '2015-03-19', NULL),
(403, 82, 32, 350, '2015-03-19', NULL),
(404, 83, 32, 350, '2015-03-19', NULL),
(405, 79, 32, 350, '2015-03-19', NULL),
(406, 82, 32, 350, '2015-03-19', NULL),
(407, 83, 32, 350, '2015-03-19', NULL),
(408, 79, 32, 350, '2015-03-19', NULL),
(409, 82, 32, 350, '2015-03-19', NULL),
(410, 83, 32, 350, '2015-03-19', NULL),
(411, 79, 32, 350, '2015-03-19', NULL),
(412, 82, 32, 350, '2015-03-19', NULL),
(413, 83, 32, 350, '2015-03-19', NULL),
(414, 79, 32, 350, '2015-03-19', NULL),
(415, 82, 32, 350, '2015-03-19', NULL),
(416, 83, 32, 350, '2015-03-19', NULL),
(417, 79, 32, 350, '2015-03-19', NULL),
(418, 82, 32, 350, '2015-03-19', NULL),
(419, 83, 32, 350, '2015-03-19', NULL),
(420, 79, 32, 350, '2015-03-19', NULL),
(421, 82, 32, 350, '2015-03-19', NULL),
(422, 83, 32, 350, '2015-03-19', NULL),
(423, 79, 32, 350, '2015-03-19', NULL),
(424, 82, 32, 350, '2015-03-19', NULL),
(425, 83, 32, 350, '2015-03-19', NULL),
(426, 79, 32, 350, '2015-03-19', NULL),
(427, 82, 32, 350, '2015-03-19', NULL),
(428, 83, 32, 350, '2015-03-19', NULL),
(429, 79, 32, 350, '2015-03-19', NULL),
(430, 82, 32, 350, '2015-03-19', NULL),
(431, 83, 32, 350, '2015-03-19', NULL),
(432, 79, 32, 350, '2015-03-19', NULL),
(433, 82, 32, 350, '2015-03-19', NULL),
(434, 83, 32, 350, '2015-03-19', NULL),
(435, 79, 32, 350, '2015-03-19', NULL),
(436, 82, 32, 350, '2015-03-19', NULL),
(437, 83, 32, 350, '2015-03-19', NULL),
(438, 188, 33, 139, '2015-03-19', NULL),
(439, 92, 33, 139, '2015-03-19', NULL),
(440, 188, 33, 139, '2015-03-19', NULL),
(441, 92, 33, 139, '2015-03-19', NULL),
(442, 188, 33, 139, '2015-03-19', NULL),
(443, 92, 33, 139, '2015-03-19', NULL),
(444, 188, 33, 139, '2015-03-19', NULL),
(445, 92, 33, 139, '2015-03-19', NULL),
(446, 188, 33, 139, '2015-03-19', NULL),
(447, 92, 33, 139, '2015-03-19', NULL),
(448, 188, 33, 139, '2015-03-19', NULL),
(449, 92, 33, 139, '2015-03-19', NULL),
(450, 188, 33, 139, '2015-03-19', NULL),
(451, 92, 33, 139, '2015-03-19', NULL),
(452, 188, 33, 139, '2015-03-19', NULL),
(453, 92, 33, 139, '2015-03-19', NULL),
(454, 188, 33, 139, '2015-03-19', NULL),
(455, 92, 33, 139, '2015-03-19', NULL),
(456, 188, 33, 139, '2015-03-19', NULL),
(457, 92, 33, 139, '2015-03-19', NULL),
(458, 188, 33, 139, '2015-03-19', NULL),
(459, 92, 33, 139, '2015-03-19', NULL),
(460, 188, 33, 139, '2015-03-19', NULL),
(461, 92, 33, 139, '2015-03-19', NULL),
(462, 188, 34, 389, '2015-03-19', NULL),
(463, 92, 34, 389, '2015-03-19', NULL),
(464, 188, 34, 389, '2015-03-19', NULL),
(465, 92, 34, 389, '2015-03-19', NULL),
(466, 188, 34, 389, '2015-03-19', NULL),
(467, 92, 34, 389, '2015-03-19', NULL),
(468, 192, 34, 389, '2015-03-19', NULL),
(469, 97, 34, 389, '2015-03-19', NULL),
(470, 188, 34, 389, '2015-03-19', NULL),
(471, 92, 34, 389, '2015-03-19', NULL),
(472, 192, 34, 389, '2015-03-19', NULL),
(473, 97, 34, 389, '2015-03-19', NULL),
(474, 188, 34, 389, '2015-03-19', NULL),
(475, 92, 34, 389, '2015-03-19', NULL),
(476, 90, 34, 389, '2015-03-19', NULL),
(477, 188, 34, 389, '2015-03-19', NULL),
(478, 92, 34, 389, '2015-03-19', NULL),
(479, 192, 34, 389, '2015-03-19', NULL),
(480, 97, 34, 389, '2015-03-19', NULL),
(481, 99, 34, 389, '2015-03-19', NULL),
(482, 188, 34, 389, '2015-03-19', NULL),
(483, 92, 34, 389, '2015-03-19', NULL),
(484, 188, 34, 389, '2015-03-19', NULL),
(485, 92, 34, 389, '2015-03-19', NULL),
(486, 188, 34, 389, '2015-03-19', NULL),
(487, 92, 34, 389, '2015-03-19', NULL),
(488, 90, 34, 389, '2015-03-19', NULL),
(489, 188, 34, 389, '2015-03-19', NULL),
(490, 92, 34, 389, '2015-03-19', NULL),
(491, 192, 34, 389, '2015-03-19', NULL),
(492, 97, 34, 389, '2015-03-19', NULL),
(493, 98, 34, 389, '2015-03-19', NULL),
(494, 99, 34, 389, '2015-03-19', NULL),
(495, 193, 35, 428, '2015-03-19', NULL),
(496, 194, 35, 428, '2015-03-19', NULL),
(497, 195, 35, 428, '2015-03-19', NULL),
(498, 197, 35, 428, '2015-03-19', NULL),
(499, 199, 35, 428, '2015-03-19', NULL),
(500, 200, 35, 428, '2015-03-19', NULL),
(501, 193, 35, 428, '2015-03-19', NULL),
(502, 194, 35, 428, '2015-03-19', NULL),
(503, 195, 35, 428, '2015-03-19', NULL),
(504, 197, 35, 428, '2015-03-19', NULL),
(505, 199, 35, 428, '2015-03-19', NULL),
(506, 200, 35, 428, '2015-03-19', NULL),
(507, 193, 35, 428, '2015-03-19', NULL),
(508, 194, 35, 428, '2015-03-19', NULL),
(509, 195, 35, 428, '2015-03-19', NULL),
(510, 197, 35, 428, '2015-03-19', NULL),
(511, 199, 35, 428, '2015-03-19', NULL),
(512, 200, 35, 428, '2015-03-19', NULL),
(513, 193, 35, 428, '2015-03-19', NULL),
(514, 194, 35, 428, '2015-03-19', NULL),
(515, 195, 35, 428, '2015-03-19', NULL),
(516, 197, 35, 428, '2015-03-19', NULL),
(517, 199, 35, 428, '2015-03-19', NULL),
(518, 200, 35, 428, '2015-03-19', NULL),
(519, 193, 35, 428, '2015-03-19', NULL),
(520, 194, 35, 428, '2015-03-19', NULL),
(521, 195, 35, 428, '2015-03-19', NULL),
(522, 197, 35, 428, '2015-03-19', NULL),
(523, 199, 35, 428, '2015-03-19', NULL),
(524, 200, 35, 428, '2015-03-19', NULL),
(525, 193, 35, 428, '2015-03-19', NULL),
(526, 194, 35, 428, '2015-03-19', NULL),
(527, 195, 35, 428, '2015-03-19', NULL),
(528, 197, 35, 428, '2015-03-19', NULL),
(529, 199, 35, 428, '2015-03-19', NULL),
(530, 200, 35, 428, '2015-03-19', NULL),
(531, 193, 35, 428, '2015-03-19', NULL),
(532, 194, 35, 428, '2015-03-19', NULL),
(533, 195, 35, 428, '2015-03-19', NULL),
(534, 197, 35, 428, '2015-03-19', NULL),
(535, 199, 35, 428, '2015-03-19', NULL),
(536, 200, 35, 428, '2015-03-19', NULL),
(537, 193, 35, 428, '2015-03-19', NULL),
(538, 194, 35, 428, '2015-03-19', NULL),
(539, 195, 35, 428, '2015-03-19', NULL),
(540, 197, 35, 428, '2015-03-19', NULL),
(541, 199, 35, 428, '2015-03-19', NULL),
(542, 200, 35, 428, '2015-03-19', NULL),
(543, 193, 35, 428, '2015-03-19', NULL),
(544, 194, 35, 428, '2015-03-19', NULL),
(545, 195, 35, 428, '2015-03-19', NULL),
(546, 197, 35, 428, '2015-03-19', NULL),
(547, 199, 35, 428, '2015-03-19', NULL),
(548, 200, 35, 428, '2015-03-19', NULL),
(549, 193, 36, 476, '2015-03-19', NULL),
(550, 194, 36, 476, '2015-03-19', NULL),
(551, 195, 36, 476, '2015-03-19', NULL),
(552, 197, 36, 476, '2015-03-19', NULL),
(553, 199, 36, 476, '2015-03-19', NULL),
(554, 200, 36, 476, '2015-03-19', NULL),
(555, 193, 36, 476, '2015-03-19', NULL),
(556, 194, 36, 476, '2015-03-19', NULL),
(557, 195, 36, 476, '2015-03-19', NULL),
(558, 197, 36, 476, '2015-03-19', NULL),
(559, 199, 36, 476, '2015-03-19', NULL),
(560, 200, 36, 476, '2015-03-19', NULL),
(561, 193, 36, 476, '2015-03-19', NULL),
(562, 194, 36, 476, '2015-03-19', NULL),
(563, 195, 36, 476, '2015-03-19', NULL),
(564, 197, 36, 476, '2015-03-19', NULL),
(565, 199, 36, 476, '2015-03-19', NULL),
(566, 200, 36, 476, '2015-03-19', NULL),
(567, 193, 36, 476, '2015-03-19', NULL),
(568, 194, 36, 476, '2015-03-19', NULL),
(569, 195, 36, 476, '2015-03-19', NULL),
(570, 197, 36, 476, '2015-03-19', NULL),
(571, 199, 36, 476, '2015-03-19', NULL),
(572, 200, 36, 476, '2015-03-19', NULL),
(573, 100, 36, 476, '2015-03-19', NULL),
(574, 193, 36, 476, '2015-03-19', NULL),
(575, 194, 36, 476, '2015-03-19', NULL),
(576, 195, 36, 476, '2015-03-19', NULL),
(577, 197, 36, 476, '2015-03-19', NULL),
(578, 199, 36, 476, '2015-03-19', NULL),
(579, 200, 36, 476, '2015-03-19', NULL),
(580, 193, 36, 476, '2015-03-19', NULL),
(581, 194, 36, 476, '2015-03-19', NULL),
(582, 195, 36, 476, '2015-03-19', NULL),
(583, 197, 36, 476, '2015-03-19', NULL),
(584, 199, 36, 476, '2015-03-19', NULL),
(585, 200, 36, 476, '2015-03-19', NULL),
(586, 100, 36, 476, '2015-03-19', NULL),
(587, 193, 36, 476, '2015-03-19', NULL),
(588, 194, 36, 476, '2015-03-19', NULL),
(589, 195, 36, 476, '2015-03-19', NULL),
(590, 197, 36, 476, '2015-03-19', NULL),
(591, 199, 36, 476, '2015-03-19', NULL),
(592, 200, 36, 476, '2015-03-19', NULL),
(593, 100, 36, 476, '2015-03-19', NULL),
(594, 193, 36, 476, '2015-03-19', NULL),
(595, 194, 36, 476, '2015-03-19', NULL),
(596, 195, 36, 476, '2015-03-19', NULL),
(597, 197, 36, 476, '2015-03-19', NULL),
(598, 199, 36, 476, '2015-03-19', NULL),
(599, 200, 36, 476, '2015-03-19', NULL),
(600, 100, 36, 476, '2015-03-19', NULL),
(601, 193, 36, 476, '2015-03-19', NULL),
(602, 194, 36, 476, '2015-03-19', NULL),
(603, 195, 36, 476, '2015-03-19', NULL),
(604, 197, 36, 476, '2015-03-19', NULL),
(605, 199, 36, 476, '2015-03-19', NULL),
(606, 200, 36, 476, '2015-03-19', NULL),
(607, 100, 36, 476, '2015-03-19', NULL),
(608, 193, 36, 476, '2015-03-19', NULL),
(609, 194, 36, 476, '2015-03-19', NULL),
(610, 195, 36, 476, '2015-03-19', NULL),
(611, 197, 36, 476, '2015-03-19', NULL),
(612, 199, 36, 476, '2015-03-19', NULL),
(613, 200, 36, 476, '2015-03-19', NULL),
(614, 100, 36, 476, '2015-03-19', NULL),
(615, 193, 36, 476, '2015-03-19', NULL),
(616, 194, 36, 476, '2015-03-19', NULL),
(617, 195, 36, 476, '2015-03-19', NULL),
(618, 197, 36, 476, '2015-03-19', NULL),
(619, 199, 36, 476, '2015-03-19', NULL),
(620, 200, 36, 476, '2015-03-19', NULL),
(621, 100, 36, 476, '2015-03-19', NULL),
(622, 193, 36, 476, '2015-03-19', NULL),
(623, 194, 36, 476, '2015-03-19', NULL),
(624, 195, 36, 476, '2015-03-19', NULL),
(625, 197, 36, 476, '2015-03-19', NULL),
(626, 199, 36, 476, '2015-03-19', NULL),
(627, 200, 36, 476, '2015-03-19', NULL),
(628, 100, 36, 476, '2015-03-19', NULL),
(629, 193, 36, 476, '2015-03-19', NULL),
(630, 194, 36, 476, '2015-03-19', NULL),
(631, 195, 36, 476, '2015-03-19', NULL),
(632, 197, 36, 476, '2015-03-19', NULL),
(633, 199, 36, 476, '2015-03-19', NULL),
(634, 200, 36, 476, '2015-03-19', NULL),
(635, 100, 36, 476, '2015-03-19', NULL),
(636, 193, 36, 476, '2015-03-19', NULL),
(637, 194, 36, 476, '2015-03-19', NULL),
(638, 195, 36, 476, '2015-03-19', NULL),
(639, 197, 36, 476, '2015-03-19', NULL),
(640, 199, 36, 476, '2015-03-19', NULL),
(641, 200, 36, 476, '2015-03-19', NULL),
(642, 100, 36, 476, '2015-03-19', NULL),
(643, 193, 36, 476, '2015-03-19', NULL),
(644, 194, 36, 476, '2015-03-19', NULL),
(645, 195, 36, 476, '2015-03-19', NULL),
(646, 197, 36, 476, '2015-03-19', NULL),
(647, 199, 36, 476, '2015-03-19', NULL),
(648, 200, 36, 476, '2015-03-19', NULL),
(649, 115, 37, 576, '2015-03-19', NULL),
(650, 116, 37, 576, '2015-03-19', NULL),
(651, 117, 37, 576, '2015-03-19', NULL),
(652, 118, 37, 576, '2015-03-19', NULL),
(653, 120, 37, 576, '2015-03-19', NULL),
(654, 122, 37, 576, '2015-03-19', NULL),
(655, 124, 37, 576, '2015-03-19', NULL),
(656, 129, 37, 576, '2015-03-19', NULL),
(657, 116, 38, 585, '2015-03-19', NULL),
(658, 115, 38, 585, '2015-03-19', NULL),
(659, 116, 38, 585, '2015-03-19', NULL),
(660, 131, 38, 585, '2015-03-19', NULL),
(661, 132, 38, 585, '2015-03-19', NULL),
(662, 133, 38, 585, '2015-03-19', NULL),
(663, 135, 38, 585, '2015-03-19', NULL),
(664, 136, 38, 585, '2015-03-19', NULL),
(665, 138, 38, 585, '2015-03-19', NULL),
(666, 140, 38, 585, '2015-03-19', NULL),
(667, 145, 38, 585, '2015-03-19', NULL),
(668, 204, 38, 585, '2015-03-19', NULL),
(669, 204, 39, 596, '2015-03-19', NULL),
(670, 204, 39, 596, '2015-03-19', NULL),
(671, 204, 39, 596, '2015-03-19', NULL),
(672, 204, 39, 596, '2015-03-19', NULL),
(673, 204, 39, 596, '2015-03-19', NULL),
(674, 204, 39, 596, '2015-03-19', NULL),
(675, 204, 39, 596, '2015-03-19', NULL),
(676, 204, 39, 596, '2015-03-19', NULL),
(677, 131, 40, 604, '2015-03-19', NULL),
(678, 132, 40, 604, '2015-03-19', NULL),
(679, 133, 40, 604, '2015-03-19', NULL),
(680, 135, 40, 604, '2015-03-19', NULL),
(681, 136, 40, 604, '2015-03-19', NULL),
(682, 138, 40, 604, '2015-03-19', NULL),
(683, 140, 40, 604, '2015-03-19', NULL),
(684, 145, 40, 604, '2015-03-19', NULL),
(685, 204, 40, 604, '2015-03-19', NULL),
(686, 131, 40, 604, '2015-03-19', NULL),
(687, 132, 40, 604, '2015-03-19', NULL),
(688, 133, 40, 604, '2015-03-19', NULL),
(689, 135, 40, 604, '2015-03-19', NULL),
(690, 136, 40, 604, '2015-03-19', NULL),
(691, 138, 40, 604, '2015-03-19', NULL),
(692, 140, 40, 604, '2015-03-19', NULL),
(693, 145, 40, 604, '2015-03-19', NULL),
(694, 204, 40, 604, '2015-03-19', NULL),
(695, 131, 40, 604, '2015-03-19', NULL),
(696, 132, 40, 604, '2015-03-19', NULL),
(697, 133, 40, 604, '2015-03-19', NULL),
(698, 135, 40, 604, '2015-03-19', NULL),
(699, 136, 40, 604, '2015-03-19', NULL),
(700, 138, 40, 604, '2015-03-19', NULL),
(701, 140, 40, 604, '2015-03-19', NULL),
(702, 145, 40, 604, '2015-03-19', NULL),
(703, 204, 40, 604, '2015-03-19', NULL),
(704, 131, 40, 604, '2015-03-19', NULL),
(705, 132, 40, 604, '2015-03-19', NULL),
(706, 133, 40, 604, '2015-03-19', NULL),
(707, 135, 40, 604, '2015-03-19', NULL),
(708, 136, 40, 604, '2015-03-19', NULL),
(709, 138, 40, 604, '2015-03-19', NULL),
(710, 140, 40, 604, '2015-03-19', NULL),
(711, 145, 40, 604, '2015-03-19', NULL),
(712, 204, 40, 604, '2015-03-19', NULL),
(713, 131, 40, 604, '2015-03-19', NULL),
(714, 132, 40, 604, '2015-03-19', NULL),
(715, 133, 40, 604, '2015-03-19', NULL),
(716, 135, 40, 604, '2015-03-19', NULL),
(717, 136, 40, 604, '2015-03-19', NULL),
(718, 138, 40, 604, '2015-03-19', NULL),
(719, 140, 40, 604, '2015-03-19', NULL),
(720, 204, 40, 604, '2015-03-19', NULL),
(721, 132, 40, 604, '2015-03-19', NULL),
(722, 133, 40, 604, '2015-03-19', NULL),
(723, 135, 40, 604, '2015-03-19', NULL),
(724, 138, 40, 604, '2015-03-19', NULL),
(725, 145, 40, 604, '2015-03-19', NULL),
(726, 204, 40, 604, '2015-03-19', NULL),
(727, 145, 40, 604, '2015-03-19', NULL),
(728, 204, 40, 604, '2015-03-19', NULL),
(729, 145, 40, 604, '2015-03-19', NULL),
(730, 204, 40, 604, '2015-03-19', NULL),
(731, 132, 40, 604, '2015-03-19', NULL),
(732, 133, 40, 604, '2015-03-19', NULL),
(733, 145, 40, 604, '2015-03-19', NULL),
(734, 204, 40, 604, '2015-03-19', NULL),
(735, 205, 41, 707, '2015-03-19', NULL),
(736, 146, 41, 707, '2015-03-19', NULL),
(737, 147, 41, 707, '2015-03-19', NULL),
(738, 153, 41, 707, '2015-03-19', NULL),
(739, 156, 41, 707, '2015-03-19', NULL),
(740, 209, 41, 707, '2015-03-19', NULL),
(741, 158, 41, 707, '2015-03-19', NULL),
(742, 210, 41, 707, '2015-03-19', NULL),
(743, 205, 41, 707, '2015-03-19', NULL),
(744, 146, 41, 707, '2015-03-19', NULL),
(745, 147, 41, 707, '2015-03-19', NULL),
(746, 213, 41, 707, '2015-03-19', NULL),
(747, 153, 41, 707, '2015-03-19', NULL),
(748, 92, 41, 707, '2015-03-19', NULL),
(749, 156, 41, 707, '2015-03-19', NULL),
(750, 209, 41, 707, '2015-03-19', NULL),
(751, 158, 41, 707, '2015-03-19', NULL),
(752, 210, 41, 707, '2015-03-19', NULL),
(753, 205, 41, 707, '2015-03-19', NULL),
(754, 146, 41, 707, '2015-03-19', NULL),
(755, 147, 41, 707, '2015-03-19', NULL),
(756, 206, 41, 707, '2015-03-19', NULL),
(757, 213, 41, 707, '2015-03-19', NULL),
(758, 153, 41, 707, '2015-03-19', NULL),
(759, 92, 41, 707, '2015-03-19', NULL),
(760, 156, 41, 707, '2015-03-19', NULL),
(761, 209, 41, 707, '2015-03-19', NULL),
(762, 158, 41, 707, '2015-03-19', NULL),
(763, 210, 41, 707, '2015-03-19', NULL),
(764, 205, 41, 707, '2015-03-19', NULL),
(765, 146, 41, 707, '2015-03-19', NULL),
(766, 147, 41, 707, '2015-03-19', NULL),
(767, 206, 41, 707, '2015-03-19', NULL),
(768, 213, 41, 707, '2015-03-19', NULL),
(769, 208, 41, 707, '2015-03-19', NULL),
(770, 153, 41, 707, '2015-03-19', NULL),
(771, 92, 41, 707, '2015-03-19', NULL),
(772, 156, 41, 707, '2015-03-19', NULL),
(773, 209, 41, 707, '2015-03-19', NULL),
(774, 158, 41, 707, '2015-03-19', NULL),
(775, 210, 41, 707, '2015-03-19', NULL),
(776, 205, 41, 707, '2015-03-19', NULL),
(777, 209, 41, 707, '2015-03-19', NULL),
(778, 158, 41, 707, '2015-03-19', NULL),
(779, 210, 41, 707, '2015-03-19', NULL),
(780, 205, 41, 707, '2015-03-19', NULL),
(781, 209, 41, 707, '2015-03-19', NULL),
(782, 158, 41, 707, '2015-03-19', NULL),
(783, 210, 41, 707, '2015-03-19', NULL),
(784, 214, 41, 707, '2015-03-19', NULL),
(785, 147, 41, 707, '2015-03-19', NULL),
(786, 206, 41, 707, '2015-03-19', NULL),
(787, 215, 41, 707, '2015-03-19', NULL),
(788, 216, 41, 707, '2015-03-19', NULL),
(789, 153, 41, 707, '2015-03-19', NULL),
(790, 162, 41, 707, '2015-03-19', NULL),
(791, 214, 42, 730, '2015-03-19', NULL),
(792, 215, 42, 730, '2015-03-19', NULL),
(793, 216, 42, 730, '2015-03-19', NULL),
(794, 214, 42, 730, '2015-03-19', NULL),
(795, 215, 42, 730, '2015-03-19', NULL),
(796, 216, 42, 730, '2015-03-19', NULL),
(797, 214, 42, 730, '2015-03-19', NULL),
(798, 215, 42, 730, '2015-03-19', NULL),
(799, 216, 42, 730, '2015-03-19', NULL),
(800, 214, 42, 730, '2015-03-19', NULL),
(801, 215, 42, 730, '2015-03-19', NULL),
(802, 216, 42, 730, '2015-03-19', NULL),
(803, 214, 42, 730, '2015-03-19', NULL),
(804, 215, 42, 730, '2015-03-19', NULL),
(805, 216, 42, 730, '2015-03-19', NULL),
(806, 214, 42, 730, '2015-03-19', NULL),
(807, 215, 42, 730, '2015-03-19', NULL),
(808, 216, 42, 730, '2015-03-19', NULL),
(809, 214, 42, 730, '2015-03-19', NULL),
(810, 215, 42, 730, '2015-03-19', NULL),
(811, 216, 42, 730, '2015-03-19', NULL),
(812, 214, 42, 730, '2015-03-19', NULL),
(813, 215, 42, 730, '2015-03-19', NULL),
(814, 216, 42, 730, '2015-03-19', NULL),
(815, 214, 42, 730, '2015-03-19', NULL),
(816, 215, 42, 730, '2015-03-19', NULL),
(817, 216, 42, 730, '2015-03-19', NULL),
(818, 146, 43, 745, '2015-03-19', NULL),
(819, 150, 43, 745, '2015-03-19', NULL),
(820, 207, 43, 745, '2015-03-19', NULL),
(821, 208, 43, 745, '2015-03-19', NULL),
(822, 156, 43, 745, '2015-03-19', NULL),
(823, 165, 43, 745, '2015-03-19', NULL),
(824, 210, 43, 745, '2015-03-19', NULL),
(825, 208, 43, 745, '2015-03-19', NULL),
(826, 156, 43, 745, '2015-03-19', NULL),
(827, 210, 43, 745, '2015-03-19', NULL),
(828, 208, 43, 745, '2015-03-19', NULL),
(829, 156, 43, 745, '2015-03-19', NULL),
(830, 210, 43, 745, '2015-03-19', NULL),
(831, 208, 43, 745, '2015-03-19', NULL),
(832, 156, 43, 745, '2015-03-19', NULL),
(833, 210, 43, 745, '2015-03-19', NULL),
(834, 165, 43, 745, '2015-03-19', NULL),
(835, 210, 43, 745, '2015-03-19', NULL),
(836, 150, 43, 745, '2015-03-19', NULL),
(837, 208, 43, 745, '2015-03-19', NULL),
(838, 92, 43, 745, '2015-03-19', NULL),
(839, 156, 43, 745, '2015-03-19', NULL),
(840, 165, 43, 745, '2015-03-19', NULL),
(841, 210, 43, 745, '2015-03-19', NULL),
(842, 150, 43, 745, '2015-03-19', NULL),
(843, 208, 43, 745, '2015-03-19', NULL),
(844, 156, 43, 745, '2015-03-19', NULL),
(845, 165, 43, 745, '2015-03-19', NULL),
(846, 210, 43, 745, '2015-03-19', NULL),
(847, 150, 43, 745, '2015-03-19', NULL),
(848, 208, 43, 745, '2015-03-19', NULL),
(849, 156, 43, 745, '2015-03-19', NULL),
(850, 210, 43, 745, '2015-03-19', NULL),
(851, 150, 43, 745, '2015-03-19', NULL),
(852, 208, 43, 745, '2015-03-19', NULL),
(853, 156, 43, 745, '2015-03-19', NULL),
(854, 165, 43, 745, '2015-03-19', NULL),
(855, 210, 43, 745, '2015-03-19', NULL),
(856, 150, 43, 745, '2015-03-19', NULL),
(857, 208, 43, 745, '2015-03-19', NULL),
(858, 156, 43, 745, '2015-03-19', NULL),
(859, 210, 43, 745, '2015-03-19', NULL),
(860, 150, 43, 745, '2015-03-19', NULL),
(861, 208, 43, 745, '2015-03-19', NULL),
(862, 156, 43, 745, '2015-03-19', NULL),
(863, 165, 43, 745, '2015-03-19', NULL),
(864, 210, 43, 745, '2015-03-19', NULL),
(865, 150, 43, 745, '2015-03-19', NULL),
(866, 207, 43, 745, '2015-03-19', NULL),
(867, 208, 43, 745, '2015-03-19', NULL),
(868, 156, 43, 745, '2015-03-19', NULL),
(869, 210, 43, 745, '2015-03-19', NULL),
(870, 150, 43, 745, '2015-03-19', NULL),
(871, 207, 43, 745, '2015-03-19', NULL),
(872, 208, 43, 745, '2015-03-19', NULL),
(873, 156, 43, 745, '2015-03-19', NULL),
(874, 165, 43, 745, '2015-03-19', NULL),
(875, 210, 43, 745, '2015-03-19', NULL),
(876, 150, 43, 745, '2015-03-19', NULL),
(877, 207, 43, 745, '2015-03-19', NULL),
(878, 208, 43, 745, '2015-03-19', NULL),
(879, 156, 43, 745, '2015-03-19', NULL),
(880, 210, 43, 745, '2015-03-19', NULL),
(881, 150, 43, 745, '2015-03-19', NULL),
(882, 207, 43, 745, '2015-03-19', NULL),
(883, 208, 43, 745, '2015-03-19', NULL),
(884, 156, 43, 745, '2015-03-19', NULL),
(885, 210, 43, 745, '2015-03-19', NULL),
(886, 34, 44, 866, '2015-03-19', NULL),
(887, 214, 44, 866, '2015-03-19', NULL),
(888, 28, 44, 866, '2015-03-19', NULL),
(889, 226, 44, 866, '2015-03-19', NULL),
(890, 227, 44, 866, '2015-03-19', NULL),
(891, 215, 44, 866, '2015-03-19', NULL),
(892, 216, 44, 866, '2015-03-19', NULL),
(893, 228, 44, 866, '2015-03-19', NULL),
(894, 229, 44, 866, '2015-03-19', NULL),
(895, 232, 44, 866, '2015-03-19', NULL),
(896, 34, 44, 866, '2015-03-19', NULL),
(897, 214, 44, 866, '2015-03-19', NULL),
(898, 28, 44, 866, '2015-03-19', NULL),
(899, 226, 44, 866, '2015-03-19', NULL),
(900, 227, 44, 866, '2015-03-19', NULL),
(901, 215, 44, 866, '2015-03-19', NULL),
(902, 216, 44, 866, '2015-03-19', NULL),
(903, 228, 44, 866, '2015-03-19', NULL),
(904, 229, 44, 866, '2015-03-19', NULL),
(905, 232, 44, 866, '2015-03-19', NULL),
(906, 34, 44, 866, '2015-03-19', NULL),
(907, 214, 44, 866, '2015-03-19', NULL),
(908, 28, 44, 866, '2015-03-19', NULL),
(909, 226, 44, 866, '2015-03-19', NULL),
(910, 227, 44, 866, '2015-03-19', NULL),
(911, 215, 44, 866, '2015-03-19', NULL),
(912, 216, 44, 866, '2015-03-19', NULL),
(913, 228, 44, 866, '2015-03-19', NULL),
(914, 25, 44, 866, '2015-03-19', NULL),
(915, 229, 44, 866, '2015-03-19', NULL),
(916, 232, 44, 866, '2015-03-19', NULL),
(917, 34, 44, 866, '2015-03-19', NULL),
(918, 214, 44, 866, '2015-03-19', NULL),
(919, 28, 44, 866, '2015-03-19', NULL),
(920, 226, 44, 866, '2015-03-19', NULL),
(921, 227, 44, 866, '2015-03-19', NULL),
(922, 215, 44, 866, '2015-03-19', NULL),
(923, 216, 44, 866, '2015-03-19', NULL),
(924, 228, 44, 866, '2015-03-19', NULL),
(925, 25, 44, 866, '2015-03-19', NULL),
(926, 229, 44, 866, '2015-03-19', NULL),
(927, 232, 44, 866, '2015-03-19', NULL),
(928, 34, 44, 866, '2015-03-19', NULL),
(929, 214, 44, 866, '2015-03-19', NULL),
(930, 28, 44, 866, '2015-03-19', NULL),
(931, 226, 44, 866, '2015-03-19', NULL),
(932, 227, 44, 866, '2015-03-19', NULL),
(933, 215, 44, 866, '2015-03-19', NULL),
(934, 216, 44, 866, '2015-03-19', NULL),
(935, 228, 44, 866, '2015-03-19', NULL),
(936, 25, 44, 866, '2015-03-19', NULL),
(937, 229, 44, 866, '2015-03-19', NULL),
(938, 232, 44, 866, '2015-03-19', NULL),
(939, 34, 44, 866, '2015-03-19', NULL),
(940, 214, 44, 866, '2015-03-19', NULL),
(941, 28, 44, 866, '2015-03-19', NULL),
(942, 226, 44, 866, '2015-03-19', NULL),
(943, 227, 44, 866, '2015-03-19', NULL),
(944, 215, 44, 866, '2015-03-19', NULL),
(945, 216, 44, 866, '2015-03-19', NULL),
(946, 228, 44, 866, '2015-03-19', NULL),
(947, 229, 44, 866, '2015-03-19', NULL),
(948, 232, 44, 866, '2015-03-19', NULL),
(949, 34, 44, 866, '2015-03-19', NULL),
(950, 214, 44, 866, '2015-03-19', NULL),
(951, 28, 44, 866, '2015-03-19', NULL),
(952, 226, 44, 866, '2015-03-19', NULL),
(953, 227, 44, 866, '2015-03-19', NULL),
(954, 215, 44, 866, '2015-03-19', NULL),
(955, 216, 44, 866, '2015-03-19', NULL),
(956, 228, 44, 866, '2015-03-19', NULL),
(957, 25, 44, 866, '2015-03-19', NULL),
(958, 232, 44, 866, '2015-03-19', NULL),
(959, 34, 44, 866, '2015-03-19', NULL),
(960, 214, 44, 866, '2015-03-19', NULL),
(961, 28, 44, 866, '2015-03-19', NULL),
(962, 226, 44, 866, '2015-03-19', NULL),
(963, 227, 44, 866, '2015-03-19', NULL),
(964, 215, 44, 866, '2015-03-19', NULL),
(965, 216, 44, 866, '2015-03-19', NULL),
(966, 228, 44, 866, '2015-03-19', NULL),
(967, 25, 44, 866, '2015-03-19', NULL),
(968, 229, 44, 866, '2015-03-19', NULL),
(969, 232, 44, 866, '2015-03-19', NULL),
(970, 226, 45, 909, '2015-03-19', NULL),
(971, 31, 45, 909, '2015-03-19', NULL),
(972, 32, 45, 909, '2015-03-19', NULL),
(973, 228, 45, 909, '2015-03-19', NULL),
(974, 33, 45, 909, '2015-03-19', NULL),
(975, 232, 45, 909, '2015-03-19', NULL),
(976, 226, 45, 909, '2015-03-19', NULL),
(977, 31, 45, 909, '2015-03-19', NULL),
(978, 32, 45, 909, '2015-03-19', NULL),
(979, 228, 45, 909, '2015-03-19', NULL),
(980, 33, 45, 909, '2015-03-19', NULL),
(981, 232, 45, 909, '2015-03-19', NULL),
(982, 226, 45, 909, '2015-03-19', NULL),
(983, 228, 45, 909, '2015-03-19', NULL),
(984, 232, 45, 909, '2015-03-19', NULL),
(985, 226, 45, 909, '2015-03-19', NULL),
(986, 31, 45, 909, '2015-03-19', NULL),
(987, 32, 45, 909, '2015-03-19', NULL),
(988, 228, 45, 909, '2015-03-19', NULL),
(989, 33, 45, 909, '2015-03-19', NULL),
(990, 232, 45, 909, '2015-03-19', NULL),
(991, 226, 45, 909, '2015-03-19', NULL),
(992, 31, 45, 909, '2015-03-19', NULL),
(993, 32, 45, 909, '2015-03-19', NULL),
(994, 228, 45, 909, '2015-03-19', NULL),
(995, 33, 45, 909, '2015-03-19', NULL),
(996, 232, 45, 909, '2015-03-19', NULL),
(997, 226, 45, 909, '2015-03-19', NULL),
(998, 31, 45, 909, '2015-03-19', NULL),
(999, 32, 45, 909, '2015-03-19', NULL),
(1000, 228, 45, 909, '2015-03-19', NULL),
(1001, 33, 45, 909, '2015-03-19', NULL),
(1002, 232, 45, 909, '2015-03-19', NULL),
(1003, 226, 45, 909, '2015-03-19', NULL),
(1004, 31, 45, 909, '2015-03-19', NULL),
(1005, 32, 45, 909, '2015-03-19', NULL),
(1006, 228, 45, 909, '2015-03-19', NULL),
(1007, 33, 45, 909, '2015-03-19', NULL),
(1008, 232, 45, 909, '2015-03-19', NULL),
(1009, 226, 45, 909, '2015-03-19', NULL),
(1010, 31, 45, 909, '2015-03-19', NULL),
(1011, 32, 45, 909, '2015-03-19', NULL),
(1012, 228, 45, 909, '2015-03-19', NULL),
(1013, 33, 45, 909, '2015-03-19', NULL),
(1014, 232, 45, 909, '2015-03-19', NULL),
(1015, 237, 46, 949, '2015-03-19', NULL),
(1016, 240, 46, 949, '2015-03-19', NULL),
(1017, 31, 46, 949, '2015-03-19', NULL),
(1018, 32, 46, 949, '2015-03-19', NULL),
(1019, 33, 46, 949, '2015-03-19', NULL),
(1020, 242, 46, 949, '2015-03-19', NULL),
(1021, 243, 46, 949, '2015-03-19', NULL),
(1022, 237, 46, 949, '2015-03-19', NULL),
(1023, 240, 46, 949, '2015-03-19', NULL),
(1024, 31, 46, 949, '2015-03-19', NULL),
(1025, 32, 46, 949, '2015-03-19', NULL),
(1026, 33, 46, 949, '2015-03-19', NULL),
(1027, 242, 46, 949, '2015-03-19', NULL),
(1028, 243, 46, 949, '2015-03-19', NULL),
(1029, 237, 46, 949, '2015-03-19', NULL),
(1030, 240, 46, 949, '2015-03-19', NULL),
(1031, 31, 46, 949, '2015-03-19', NULL),
(1032, 32, 46, 949, '2015-03-19', NULL),
(1033, 33, 46, 949, '2015-03-19', NULL),
(1034, 242, 46, 949, '2015-03-19', NULL),
(1035, 243, 46, 949, '2015-03-19', NULL),
(1036, 237, 46, 949, '2015-03-19', NULL),
(1037, 240, 46, 949, '2015-03-19', NULL),
(1038, 31, 46, 949, '2015-03-19', NULL),
(1039, 32, 46, 949, '2015-03-19', NULL),
(1040, 33, 46, 949, '2015-03-19', NULL),
(1041, 242, 46, 949, '2015-03-19', NULL),
(1042, 243, 46, 949, '2015-03-19', NULL),
(1043, 237, 46, 949, '2015-03-19', NULL),
(1044, 240, 46, 949, '2015-03-19', NULL),
(1045, 31, 46, 949, '2015-03-19', NULL),
(1046, 32, 46, 949, '2015-03-19', NULL),
(1047, 33, 46, 949, '2015-03-19', NULL),
(1048, 242, 46, 949, '2015-03-19', NULL),
(1049, 243, 46, 949, '2015-03-19', NULL),
(1050, 237, 46, 949, '2015-03-19', NULL),
(1051, 240, 46, 949, '2015-03-19', NULL),
(1052, 31, 46, 949, '2015-03-19', NULL),
(1053, 32, 46, 949, '2015-03-19', NULL),
(1054, 33, 46, 949, '2015-03-19', NULL),
(1055, 242, 46, 949, '2015-03-19', NULL),
(1056, 237, 46, 949, '2015-03-19', NULL),
(1057, 240, 46, 949, '2015-03-19', NULL),
(1058, 31, 46, 949, '2015-03-19', NULL),
(1059, 32, 46, 949, '2015-03-19', NULL),
(1060, 33, 46, 949, '2015-03-19', NULL),
(1061, 242, 46, 949, '2015-03-19', NULL),
(1062, 245, 47, 1002, '2015-03-19', NULL),
(1063, 246, 47, 1002, '2015-03-19', NULL),
(1064, 247, 47, 1002, '2015-03-19', NULL),
(1065, 237, 47, 1002, '2015-03-19', NULL),
(1066, 240, 47, 1002, '2015-03-19', NULL),
(1067, 245, 47, 1002, '2015-03-19', NULL),
(1068, 246, 47, 1002, '2015-03-19', NULL),
(1069, 247, 47, 1002, '2015-03-19', NULL),
(1070, 243, 47, 1002, '2015-03-19', NULL),
(1071, 237, 47, 1002, '2015-03-19', NULL),
(1072, 245, 47, 1002, '2015-03-19', NULL),
(1073, 246, 47, 1002, '2015-03-19', NULL),
(1074, 247, 47, 1002, '2015-03-19', NULL),
(1075, 245, 47, 1002, '2015-03-19', NULL),
(1076, 246, 47, 1002, '2015-03-19', NULL),
(1077, 247, 47, 1002, '2015-03-19', NULL),
(1078, 237, 47, 1002, '2015-03-19', NULL),
(1079, 245, 47, 1002, '2015-03-19', NULL),
(1080, 246, 47, 1002, '2015-03-19', NULL),
(1081, 247, 47, 1002, '2015-03-19', NULL),
(1082, 243, 47, 1002, '2015-03-19', NULL),
(1083, 245, 47, 1002, '2015-03-19', NULL),
(1084, 246, 47, 1002, '2015-03-19', NULL),
(1085, 247, 47, 1002, '2015-03-19', NULL),
(1086, 237, 47, 1002, '2015-03-19', NULL),
(1087, 240, 47, 1002, '2015-03-19', NULL),
(1088, 245, 47, 1002, '2015-03-19', NULL),
(1089, 246, 47, 1002, '2015-03-19', NULL),
(1090, 247, 47, 1002, '2015-03-19', NULL),
(1091, 237, 47, 1002, '2015-03-19', NULL),
(1092, 240, 47, 1002, '2015-03-19', NULL),
(1093, 245, 47, 1002, '2015-03-19', NULL),
(1094, 246, 47, 1002, '2015-03-19', NULL),
(1095, 247, 47, 1002, '2015-03-19', NULL),
(1096, 243, 47, 1002, '2015-03-19', NULL),
(1097, 237, 47, 1002, '2015-03-19', NULL),
(1098, 240, 47, 1002, '2015-03-19', NULL),
(1099, 245, 47, 1002, '2015-03-19', NULL),
(1100, 246, 47, 1002, '2015-03-19', NULL),
(1101, 247, 47, 1002, '2015-03-19', NULL),
(1102, 243, 47, 1002, '2015-03-19', NULL),
(1103, 245, 47, 1002, '2015-03-19', NULL),
(1104, 246, 47, 1002, '2015-03-19', NULL),
(1105, 247, 47, 1002, '2015-03-19', NULL),
(1106, 237, 47, 1002, '2015-03-19', NULL),
(1107, 245, 47, 1002, '2015-03-19', NULL),
(1108, 246, 47, 1002, '2015-03-19', NULL),
(1109, 247, 47, 1002, '2015-03-19', NULL),
(1110, 237, 47, 1002, '2015-03-19', NULL),
(1111, 245, 47, 1002, '2015-03-19', NULL),
(1112, 246, 47, 1002, '2015-03-19', NULL),
(1113, 247, 47, 1002, '2015-03-19', NULL),
(1114, 39, 24, 1047, '2015-03-19', NULL),
(1115, 248, 24, 1047, '2015-03-19', NULL),
(1116, 39, 24, 1047, '2015-03-19', NULL),
(1117, 248, 24, 1047, '2015-03-19', NULL),
(1118, 39, 24, 1047, '2015-03-19', NULL),
(1119, 248, 24, 1047, '2015-03-19', NULL),
(1120, 39, 24, 1047, '2015-03-19', NULL),
(1121, 248, 24, 1047, '2015-03-19', NULL),
(1122, 39, 24, 1047, '2015-03-19', NULL),
(1123, 248, 24, 1047, '2015-03-19', NULL),
(1124, 39, 24, 1047, '2015-03-19', NULL),
(1125, 248, 24, 1047, '2015-03-19', NULL),
(1126, 39, 24, 1047, '2015-03-19', NULL),
(1127, 248, 24, 1047, '2015-03-19', NULL),
(1128, 70, 32, 350, '2015-03-19', NULL),
(1129, 94, 12, 152, '2015-03-19', NULL),
(1130, 90, 13, 158, '2015-03-19', NULL),
(1131, 90, 13, 158, '2015-03-19', NULL),
(1132, 90, 13, 158, '2015-03-19', NULL),
(1133, 162, 20, 227, '2015-03-19', NULL),
(1134, 149, 22, 246, '2015-03-19', NULL),
(1135, 92, 22, 246, '2015-03-19', NULL),
(1136, 158, 22, 246, '2015-03-19', NULL),
(1137, 210, 22, 246, '2015-03-19', NULL),
(1138, 189, 33, 139, '2015-03-19', NULL),
(1139, 190, 33, 139, '2015-03-19', NULL),
(1140, 97, 33, 139, '2015-03-19', NULL),
(1141, 94, 33, 139, '2015-03-19', NULL),
(1142, 98, 33, 139, '2015-03-19', NULL),
(1143, 99, 33, 139, '2015-03-19', NULL),
(1144, 90, 33, 139, '2015-03-19', NULL),
(1145, 90, 33, 139, '2015-03-19', NULL);

-- --------------------------------------------------------

--
-- Tábla szerkezet ehhez a táblához `diakosztalyev`
--

CREATE TABLE IF NOT EXISTS `diakosztalyev` (
  `id` int(11) NOT NULL,
  `diakId` int(11) DEFAULT NULL,
  `osztaly` varchar(10) COLLATE utf8_hungarian_ci NOT NULL,
  `tanev` varchar(10) COLLATE utf8_hungarian_ci NOT NULL
) ENGINE=InnoDB AUTO_INCREMENT=1056 DEFAULT CHARSET=utf8 COLLATE=utf8_hungarian_ci;

--
-- A tábla adatainak kiíratása `diakosztalyev`
--

INSERT INTO `diakosztalyev` (`id`, `diakId`, `osztaly`, `tanev`) VALUES
(1, 1, '1/a', '2013/2014'),
(2, 2, '1/a', '2013/2014'),
(3, 3, '1/a', '2013/2014'),
(4, 4, '1/a', '2013/2014'),
(5, 5, '1/a', '2013/2014'),
(6, 6, '1/a', '2013/2014'),
(7, 7, '1/a', '2013/2014'),
(8, 8, '1/a', '2013/2014'),
(9, 9, '1/a', '2013/2014'),
(10, 10, '1/a', '2013/2014'),
(11, 11, '1/a', '2013/2014'),
(12, 12, '1/a', '2013/2014'),
(13, 13, '1/a', '2013/2014'),
(14, 14, '1/a', '2013/2014'),
(15, 15, '1/a', '2013/2014'),
(16, 16, '1/a', '2013/2014'),
(17, 17, '1/a', '2013/2014'),
(18, 18, '1/a', '2013/2014'),
(19, 19, '1/a', '2013/2014'),
(20, 20, '1/a', '2013/2014'),
(21, 21, '1/a', '2013/2014'),
(22, 22, '1/a', '2013/2014'),
(23, 23, '1/a', '2013/2014'),
(24, 24, '1/a', '2013/2014'),
(25, 25, '1/a', '2013/2014'),
(26, 26, '1/a', '2013/2014'),
(27, 27, '1/a', '2013/2014'),
(28, 28, '1/a', '2013/2014'),
(29, 29, '1/a', '2013/2014'),
(30, 30, '1/a', '2013/2014'),
(31, 31, '1/a', '2013/2014'),
(32, 32, '1/a', '2013/2014'),
(33, 33, '1/a', '2013/2014'),
(34, 34, '1/a', '2013/2014'),
(35, 35, '1/a', '2013/2014'),
(36, 36, '1/a', '2013/2014'),
(37, 37, '1/a', '2013/2014'),
(38, 38, '1/a', '2013/2014'),
(39, 39, '1/a', '2013/2014'),
(40, 40, '1/a', '2013/2014'),
(41, 41, '1/a', '2013/2014'),
(42, 42, '1/a', '2013/2014'),
(43, 43, '1/a', '2013/2014'),
(44, 44, '1/a', '2013/2014'),
(45, 45, '1/a', '2013/2014'),
(46, 46, '1/a', '2013/2014'),
(47, 47, '10/A', '2013/2014'),
(48, 48, '10/A', '2013/2014'),
(49, 49, '10/A', '2013/2014'),
(50, 50, '10/A', '2013/2014'),
(51, 51, '10/A', '2013/2014'),
(52, 52, '10/A', '2013/2014'),
(53, 53, '10/A', '2013/2014'),
(54, 54, '10/A', '2013/2014'),
(55, 55, '11/B', '2013/2014'),
(56, 56, '11/B', '2013/2014'),
(57, 57, '11/B', '2013/2014'),
(58, 58, '11/B', '2013/2014'),
(59, 58, '8/a', '2013/2014'),
(60, 59, '11/B', '2013/2014'),
(61, 60, '11/B', '2013/2014'),
(62, 61, '11/B', '2013/2014'),
(63, 62, '11/B', '2013/2014'),
(64, 63, '11/B', '2013/2014'),
(65, 64, '11/B', '2013/2014'),
(66, 65, '11/B', '2013/2014'),
(67, 66, '11/B', '2013/2014'),
(68, 67, '11/B', '2013/2014'),
(69, 68, '12/A', '2013/2014'),
(70, 69, '12/A', '2013/2014'),
(71, 70, '12/A', '2013/2014'),
(72, 71, '12/A', '2013/2014'),
(73, 72, '12/A', '2013/2014'),
(74, 73, '12/A', '2013/2014'),
(75, 74, '12/A', '2013/2014'),
(76, 75, '12/A', '2013/2014'),
(77, 76, '12/B', '2013/2014'),
(78, 77, '12/B', '2013/2014'),
(79, 78, '12/B', '2013/2014'),
(80, 79, '12/B', '2013/2014'),
(81, 80, '12/B', '2013/2014'),
(82, 81, '12/B', '2013/2014'),
(83, 82, '13/B', '2013/2014'),
(84, 83, '13/B', '2013/2014'),
(85, 84, '13/B', '2013/2014'),
(86, 85, '2/a', '2013/2014'),
(87, 86, '2/a', '2013/2014'),
(88, 87, '2/a', '2013/2014'),
(89, 88, '2/a', '2013/2014'),
(90, 89, '2/a', '2013/2014'),
(91, 90, '2/a', '2013/2014'),
(92, 91, '2/a', '2013/2014'),
(93, 92, '2/a', '2013/2014'),
(94, 93, '2/a', '2013/2014'),
(95, 94, '2/a', '2013/2014'),
(96, 95, '2/a', '2013/2014'),
(97, 96, '2/a', '2013/2014'),
(98, 97, '2/a', '2013/2014'),
(99, 98, '2/a', '2013/2014'),
(100, 99, '2/a', '2013/2014'),
(101, 100, '2/b', '2013/2014'),
(102, 101, '2/b', '2013/2014'),
(103, 102, '2/b', '2013/2014'),
(104, 103, '2/b', '2013/2014'),
(105, 104, '2/b', '2013/2014'),
(106, 105, '2/b', '2013/2014'),
(107, 106, '2/b', '2013/2014'),
(108, 107, '2/b', '2013/2014'),
(109, 108, '2/b', '2013/2014'),
(110, 109, '2/b', '2013/2014'),
(111, 110, '2/b', '2013/2014'),
(112, 111, '2/b', '2013/2014'),
(113, 112, '2/b', '2013/2014'),
(114, 113, '2/b', '2013/2014'),
(115, 114, '2/b', '2013/2014'),
(116, 115, '3/a', '2013/2014'),
(117, 116, '3/a', '2013/2014'),
(118, 117, '3/a', '2013/2014'),
(119, 118, '3/a', '2013/2014'),
(120, 119, '3/a', '2013/2014'),
(121, 120, '3/a', '2013/2014'),
(122, 121, '3/a', '2013/2014'),
(123, 122, '3/a', '2013/2014'),
(124, 123, '3/a', '2013/2014'),
(125, 124, '3/b', '2013/2014'),
(126, 125, '3/b', '2013/2014'),
(127, 126, '3/b', '2013/2014'),
(128, 127, '3/b', '2013/2014'),
(129, 128, '3/b', '2013/2014'),
(130, 129, '3/b', '2013/2014'),
(131, 130, '3/b', '2013/2014'),
(132, 131, '3/b', '2013/2014'),
(133, 132, '3/b', '2013/2014'),
(134, 133, '3/b', '2013/2014'),
(135, 134, '3/b', '2013/2014'),
(136, 135, '3/b', '2013/2014'),
(137, 136, '3/b', '2013/2014'),
(138, 137, '4/a', '2013/2014'),
(139, 137, '5/a', '2014/2015'),
(140, 138, '4/a', '2013/2014'),
(141, 139, '4/a', '2013/2014'),
(142, 140, '4/a', '2013/2014'),
(143, 141, '4/a', '2013/2014'),
(144, 142, '4/a', '2013/2014'),
(145, 143, '4/a', '2013/2014'),
(146, 144, '4/a', '2013/2014'),
(147, 145, '4/a', '2013/2014'),
(148, 146, '4/a', '2013/2014'),
(149, 147, '4/a', '2013/2014'),
(150, 148, '4/a', '2013/2014'),
(151, 148, '6/b', '2013/2014'),
(152, 149, '5/a', '2013/2014'),
(153, 150, '5/a', '2013/2014'),
(154, 151, '5/a', '2013/2014'),
(155, 152, '5/a', '2013/2014'),
(156, 153, '5/a', '2013/2014'),
(157, 154, '5/a', '2013/2014'),
(158, 155, '5/b', '2013/2014'),
(159, 156, '5/b', '2013/2014'),
(160, 157, '5/b', '2013/2014'),
(161, 158, '5/b', '2013/2014'),
(162, 159, '5/b', '2013/2014'),
(163, 160, '5/b', '2013/2014'),
(164, 161, '5/b', '2013/2014'),
(165, 162, '5/b', '2013/2014'),
(166, 163, '5/b', '2013/2014'),
(167, 164, '5/b', '2013/2014'),
(168, 165, '5/b', '2013/2014'),
(169, 166, '5/b', '2013/2014'),
(170, 167, '5/b', '2013/2014'),
(171, 168, '5/b', '2013/2014'),
(172, 169, '5/b', '2013/2014'),
(173, 170, '5/b', '2013/2014'),
(174, 171, '5/b', '2013/2014'),
(175, 172, '5/b', '2013/2014'),
(176, 173, '6/a', '2013/2014'),
(177, 174, '6/a', '2013/2014'),
(178, 175, '6/a', '2013/2014'),
(179, 176, '6/a', '2013/2014'),
(180, 177, '6/a', '2013/2014'),
(181, 178, '6/a', '2013/2014'),
(182, 179, '6/a', '2013/2014'),
(183, 180, '6/a', '2013/2014'),
(184, 181, '6/a', '2013/2014'),
(185, 182, '6/b', '2013/2014'),
(186, 183, '6/b', '2013/2014'),
(187, 184, '6/b', '2013/2014'),
(188, 185, '6/b', '2013/2014'),
(189, 186, '6/b', '2013/2014'),
(190, 187, '6/b', '2013/2014'),
(191, 188, '6/b', '2013/2014'),
(192, 189, '7/a', '2013/2014'),
(193, 190, '7/a', '2013/2014'),
(194, 191, '7/a', '2013/2014'),
(195, 192, '7/a', '2013/2014'),
(196, 193, '7/a', '2013/2014'),
(197, 194, '7/a', '2013/2014'),
(198, 195, '7/a', '2013/2014'),
(199, 196, '7/a', '2013/2014'),
(200, 197, '7/a', '2013/2014'),
(201, 198, '7/b', '2013/2014'),
(202, 199, '7/b', '2013/2014'),
(203, 200, '7/b', '2013/2014'),
(204, 201, '7/b', '2013/2014'),
(205, 202, '7/b', '2013/2014'),
(206, 203, '7/b', '2013/2014'),
(207, 204, '7/b', '2013/2014'),
(208, 205, '7/b', '2013/2014'),
(209, 206, '7/b', '2013/2014'),
(210, 207, '7/b', '2013/2014'),
(211, 208, '8/a', '2013/2014'),
(212, 209, '8/a', '2013/2014'),
(213, 210, '8/a', '2013/2014'),
(214, 211, '8/a', '2013/2014'),
(215, 212, '8/a', '2013/2014'),
(216, 213, '8/a', '2013/2014'),
(217, 214, '8/a', '2013/2014'),
(218, 215, '8/a', '2013/2014'),
(219, 216, '8/a', '2013/2014'),
(220, 217, '8/b', '2013/2014'),
(221, 218, '8/b', '2013/2014'),
(222, 219, '8/b', '2013/2014'),
(223, 220, '8/b', '2013/2014'),
(224, 221, '8/b', '2013/2014'),
(225, 222, '8/b', '2013/2014'),
(226, 223, '8/b', '2013/2014'),
(227, 224, '9/A', '2013/2014'),
(228, 225, '9/A', '2013/2014'),
(229, 226, '9/A', '2013/2014'),
(230, 227, '9/A', '2013/2014'),
(231, 228, '9/A', '2013/2014'),
(232, 229, '9/A', '2013/2014'),
(233, 230, '9/A', '2013/2014'),
(234, 231, '9/A', '2013/2014'),
(235, 232, '9/B', '2013/2014'),
(236, 232, '1/a', '2014/2015'),
(237, 233, '9/B', '2013/2014'),
(238, 234, '9/B', '2013/2014'),
(239, 235, '9/B', '2013/2014'),
(240, 236, '9/B', '2013/2014'),
(241, 237, '9/B', '2013/2014'),
(242, 238, '9/B', '2013/2014'),
(243, 239, '9/B', '2013/2014'),
(244, 240, '9/B', '2013/2014'),
(245, 241, '9/B', '2013/2014'),
(246, 242, '9/KNY', '2013/2014'),
(247, 243, '9/KNY', '2013/2014'),
(248, 244, '9/KNY', '2013/2014'),
(249, 245, '9/KNY', '2013/2014'),
(250, 246, '9/KNY', '2013/2014'),
(251, 247, '9/KNY', '2013/2014'),
(252, 248, '9/KNY', '2013/2014'),
(253, 249, '9/KNY', '2013/2014'),
(254, 250, '9/KNY', '2013/2014'),
(255, 251, '9/KNY', '2013/2014'),
(256, 252, '9/KNY', '2013/2014'),
(257, 253, '13/B', '2013/2014'),
(258, 253, '2/a', '2014/2015'),
(259, 2, '2/b', '2014/2015'),
(260, 2, '2/b', '2014/2015'),
(261, 2, '2/b', '2014/2015'),
(262, 3, '2/b', '2014/2015'),
(263, 3, '2/b', '2014/2015'),
(264, 3, '2/b', '2014/2015'),
(265, 5, '2/b', '2014/2015'),
(266, 5, '2/b', '2014/2015'),
(267, 5, '2/b', '2014/2015'),
(268, 7, '2/b', '2014/2015'),
(269, 7, '2/b', '2014/2015'),
(270, 7, '2/b', '2014/2015'),
(271, 9, '2/b', '2014/2015'),
(272, 9, '2/b', '2014/2015'),
(273, 9, '2/b', '2014/2015'),
(274, 14, '2/b', '2014/2015'),
(275, 14, '2/b', '2014/2015'),
(276, 14, '2/b', '2014/2015'),
(277, 16, '2/b', '2014/2015'),
(278, 16, '2/b', '2014/2015'),
(279, 16, '2/b', '2014/2015'),
(280, 18, '2/b', '2014/2015'),
(281, 18, '2/b', '2014/2015'),
(282, 18, '2/b', '2014/2015'),
(283, 21, '2/b', '2014/2015'),
(284, 21, '2/b', '2014/2015'),
(285, 21, '2/b', '2014/2015'),
(286, 22, '2/b', '2014/2015'),
(287, 22, '2/b', '2014/2015'),
(288, 22, '2/b', '2014/2015'),
(289, 25, '2/b', '2014/2015'),
(290, 25, '2/b', '2014/2015'),
(291, 25, '2/b', '2014/2015'),
(292, 27, '2/b', '2014/2015'),
(293, 27, '2/b', '2014/2015'),
(294, 27, '2/b', '2014/2015'),
(295, 30, '2/b', '2014/2015'),
(296, 30, '2/b', '2014/2015'),
(297, 30, '2/b', '2014/2015'),
(298, 31, '2/b', '2014/2015'),
(299, 31, '2/b', '2014/2015'),
(300, 31, '2/b', '2014/2015'),
(301, 308, '2/b', '2014/2015'),
(302, 308, '2/b', '2014/2015'),
(303, 308, '2/b', '2014/2015'),
(304, 34, '2/b', '2014/2015'),
(305, 34, '2/b', '2014/2015'),
(306, 34, '2/b', '2014/2015'),
(307, 36, '2/b', '2014/2015'),
(308, 36, '2/b', '2014/2015'),
(309, 36, '2/b', '2014/2015'),
(310, 38, '2/b', '2014/2015'),
(311, 38, '2/b', '2014/2015'),
(312, 38, '2/b', '2014/2015'),
(313, 40, '2/b', '2014/2015'),
(314, 40, '2/b', '2014/2015'),
(315, 40, '2/b', '2014/2015'),
(316, 43, '2/b', '2014/2015'),
(317, 43, '2/b', '2014/2015'),
(318, 43, '2/b', '2014/2015'),
(319, 44, '2/b', '2014/2015'),
(320, 44, '2/b', '2014/2015'),
(321, 44, '2/b', '2014/2015'),
(322, 45, '2/b', '2014/2015'),
(323, 45, '2/b', '2014/2015'),
(324, 45, '2/b', '2014/2015'),
(325, 117, '4/a', '2014/2015'),
(326, 117, '4/a', '2014/2015'),
(327, 117, '4/a', '2014/2015'),
(328, 119, '4/a', '2014/2015'),
(329, 119, '4/a', '2014/2015'),
(330, 119, '4/a', '2014/2015'),
(331, 120, '4/a', '2014/2015'),
(332, 120, '4/a', '2014/2015'),
(333, 120, '4/a', '2014/2015'),
(334, 121, '4/a', '2014/2015'),
(335, 121, '4/a', '2014/2015'),
(336, 121, '4/a', '2014/2015'),
(337, 122, '4/a', '2014/2015'),
(338, 122, '4/a', '2014/2015'),
(339, 123, '4/a', '2014/2015'),
(340, 123, '4/a', '2014/2015'),
(341, 123, '4/a', '2014/2015'),
(342, 312, '4/b', '2014/2015'),
(343, 312, '4/b', '2014/2015'),
(344, 312, '4/b', '2014/2015'),
(345, 124, '4/b', '2014/2015'),
(346, 124, '4/b', '2014/2015'),
(347, 124, '4/b', '2014/2015'),
(348, 313, '4/b', '2014/2015'),
(349, 313, '4/b', '2014/2015'),
(350, 115, '4/b', '2014/2015'),
(351, 115, '4/b', '2014/2015'),
(352, 115, '4/b', '2014/2015'),
(353, 125, '4/b', '2014/2015'),
(354, 125, '4/b', '2014/2015'),
(355, 125, '4/b', '2014/2015'),
(356, 126, '4/b', '2014/2015'),
(357, 126, '4/b', '2014/2015'),
(358, 126, '4/b', '2014/2015'),
(359, 127, '4/b', '2014/2015'),
(360, 127, '4/b', '2014/2015'),
(361, 127, '4/b', '2014/2015'),
(362, 128, '4/b', '2014/2015'),
(363, 128, '4/b', '2014/2015'),
(364, 128, '4/b', '2014/2015'),
(365, 129, '4/b', '2014/2015'),
(366, 129, '4/b', '2014/2015'),
(367, 129, '4/b', '2014/2015'),
(368, 130, '4/b', '2014/2015'),
(369, 130, '4/b', '2014/2015'),
(370, 130, '4/b', '2014/2015'),
(371, 131, '4/b', '2014/2015'),
(372, 131, '4/b', '2014/2015'),
(373, 131, '4/b', '2014/2015'),
(374, 132, '4/b', '2014/2015'),
(375, 132, '4/b', '2014/2015'),
(376, 132, '4/b', '2014/2015'),
(377, 133, '4/b', '2014/2015'),
(378, 133, '4/b', '2014/2015'),
(379, 133, '4/b', '2014/2015'),
(380, 134, '4/b', '2014/2015'),
(381, 134, '4/b', '2014/2015'),
(382, 134, '4/b', '2014/2015'),
(383, 135, '4/b', '2014/2015'),
(384, 135, '4/b', '2014/2015'),
(385, 135, '4/b', '2014/2015'),
(386, 136, '4/b', '2014/2015'),
(387, 136, '4/b', '2014/2015'),
(388, 136, '4/b', '2014/2015'),
(389, 314, '5/b', '2014/2015'),
(390, 314, '5/b', '2014/2015'),
(391, 315, '5/b', '2014/2015'),
(392, 315, '5/b', '2014/2015'),
(393, 316, '5/b', '2014/2015'),
(394, 316, '5/b', '2014/2015'),
(395, 316, '5/b', '2014/2015'),
(396, 316, '5/b', '2014/2015'),
(397, 317, '5/b', '2014/2015'),
(398, 317, '5/b', '2014/2015'),
(399, 317, '5/b', '2014/2015'),
(400, 317, '5/b', '2014/2015'),
(401, 318, '5/b', '2014/2015'),
(402, 318, '5/b', '2014/2015'),
(403, 319, '5/b', '2014/2015'),
(404, 319, '5/b', '2014/2015'),
(405, 319, '5/b', '2014/2015'),
(406, 319, '5/b', '2014/2015'),
(407, 319, '5/b', '2014/2015'),
(408, 319, '5/b', '2014/2015'),
(409, 320, '5/b', '2014/2015'),
(410, 320, '5/b', '2014/2015'),
(411, 321, '5/b', '2014/2015'),
(412, 321, '5/b', '2014/2015'),
(413, 322, '5/b', '2014/2015'),
(414, 322, '5/b', '2014/2015'),
(415, 323, '5/b', '2014/2015'),
(416, 323, '5/b', '2014/2015'),
(417, 323, '5/b', '2014/2015'),
(418, 323, '5/b', '2014/2015'),
(419, 323, '5/b', '2014/2015'),
(420, 323, '5/b', '2014/2015'),
(421, 323, '5/b', '2014/2015'),
(422, 156, '6/a', '2014/2015'),
(423, 156, '6/a', '2014/2015'),
(424, 156, '6/a', '2014/2015'),
(425, 156, '6/a', '2014/2015'),
(426, 156, '6/a', '2014/2015'),
(427, 156, '6/a', '2014/2015'),
(428, 152, '6/a', '2014/2015'),
(429, 152, '6/a', '2014/2015'),
(430, 152, '6/a', '2014/2015'),
(431, 152, '6/a', '2014/2015'),
(432, 152, '6/a', '2014/2015'),
(433, 152, '6/a', '2014/2015'),
(434, 324, '6/a', '2014/2015'),
(435, 324, '6/a', '2014/2015'),
(436, 324, '6/a', '2014/2015'),
(437, 324, '6/a', '2014/2015'),
(438, 324, '6/a', '2014/2015'),
(439, 324, '6/a', '2014/2015'),
(440, 325, '6/a', '2014/2015'),
(441, 325, '6/a', '2014/2015'),
(442, 325, '6/a', '2014/2015'),
(443, 325, '6/a', '2014/2015'),
(444, 325, '6/a', '2014/2015'),
(445, 325, '6/a', '2014/2015'),
(446, 153, '6/a', '2014/2015'),
(447, 153, '6/a', '2014/2015'),
(448, 153, '6/a', '2014/2015'),
(449, 153, '6/a', '2014/2015'),
(450, 153, '6/a', '2014/2015'),
(451, 153, '6/a', '2014/2015'),
(452, 326, '6/a', '2014/2015'),
(453, 326, '6/a', '2014/2015'),
(454, 326, '6/a', '2014/2015'),
(455, 326, '6/a', '2014/2015'),
(456, 326, '6/a', '2014/2015'),
(457, 326, '6/a', '2014/2015'),
(458, 170, '6/a', '2014/2015'),
(459, 170, '6/a', '2014/2015'),
(460, 170, '6/a', '2014/2015'),
(461, 170, '6/a', '2014/2015'),
(462, 170, '6/a', '2014/2015'),
(463, 170, '6/a', '2014/2015'),
(464, 154, '6/a', '2014/2015'),
(465, 154, '6/a', '2014/2015'),
(466, 154, '6/a', '2014/2015'),
(467, 154, '6/a', '2014/2015'),
(468, 154, '6/a', '2014/2015'),
(469, 154, '6/a', '2014/2015'),
(470, 171, '6/a', '2014/2015'),
(471, 171, '6/a', '2014/2015'),
(472, 171, '6/a', '2014/2015'),
(473, 171, '6/a', '2014/2015'),
(474, 171, '6/a', '2014/2015'),
(475, 171, '6/a', '2014/2015'),
(476, 149, '6/b', '2014/2015'),
(477, 149, '6/b', '2014/2015'),
(478, 149, '6/b', '2014/2015'),
(479, 149, '6/b', '2014/2015'),
(480, 149, '6/b', '2014/2015'),
(481, 149, '6/b', '2014/2015'),
(482, 155, '6/b', '2014/2015'),
(483, 155, '6/b', '2014/2015'),
(484, 155, '6/b', '2014/2015'),
(485, 155, '6/b', '2014/2015'),
(486, 155, '6/b', '2014/2015'),
(487, 155, '6/b', '2014/2015'),
(488, 157, '6/b', '2014/2015'),
(489, 157, '6/b', '2014/2015'),
(490, 157, '6/b', '2014/2015'),
(491, 157, '6/b', '2014/2015'),
(492, 157, '6/b', '2014/2015'),
(493, 157, '6/b', '2014/2015'),
(494, 150, '6/b', '2014/2015'),
(495, 150, '6/b', '2014/2015'),
(496, 150, '6/b', '2014/2015'),
(497, 150, '6/b', '2014/2015'),
(498, 150, '6/b', '2014/2015'),
(499, 150, '6/b', '2014/2015'),
(500, 158, '6/b', '2014/2015'),
(501, 158, '6/b', '2014/2015'),
(502, 158, '6/b', '2014/2015'),
(503, 158, '6/b', '2014/2015'),
(504, 158, '6/b', '2014/2015'),
(505, 158, '6/b', '2014/2015'),
(506, 158, '6/b', '2014/2015'),
(507, 151, '6/b', '2014/2015'),
(508, 151, '6/b', '2014/2015'),
(509, 151, '6/b', '2014/2015'),
(510, 151, '6/b', '2014/2015'),
(511, 151, '6/b', '2014/2015'),
(512, 151, '6/b', '2014/2015'),
(513, 159, '6/b', '2014/2015'),
(514, 159, '6/b', '2014/2015'),
(515, 159, '6/b', '2014/2015'),
(516, 159, '6/b', '2014/2015'),
(517, 159, '6/b', '2014/2015'),
(518, 159, '6/b', '2014/2015'),
(519, 159, '6/b', '2014/2015'),
(520, 163, '6/b', '2014/2015'),
(521, 163, '6/b', '2014/2015'),
(522, 163, '6/b', '2014/2015'),
(523, 163, '6/b', '2014/2015'),
(524, 163, '6/b', '2014/2015'),
(525, 163, '6/b', '2014/2015'),
(526, 163, '6/b', '2014/2015'),
(527, 164, '6/b', '2014/2015'),
(528, 164, '6/b', '2014/2015'),
(529, 164, '6/b', '2014/2015'),
(530, 164, '6/b', '2014/2015'),
(531, 164, '6/b', '2014/2015'),
(532, 164, '6/b', '2014/2015'),
(533, 164, '6/b', '2014/2015'),
(534, 165, '6/b', '2014/2015'),
(535, 165, '6/b', '2014/2015'),
(536, 165, '6/b', '2014/2015'),
(537, 165, '6/b', '2014/2015'),
(538, 165, '6/b', '2014/2015'),
(539, 165, '6/b', '2014/2015'),
(540, 165, '6/b', '2014/2015'),
(541, 166, '6/b', '2014/2015'),
(542, 166, '6/b', '2014/2015'),
(543, 166, '6/b', '2014/2015'),
(544, 166, '6/b', '2014/2015'),
(545, 166, '6/b', '2014/2015'),
(546, 166, '6/b', '2014/2015'),
(547, 166, '6/b', '2014/2015'),
(548, 327, '6/b', '2014/2015'),
(549, 327, '6/b', '2014/2015'),
(550, 327, '6/b', '2014/2015'),
(551, 327, '6/b', '2014/2015'),
(552, 327, '6/b', '2014/2015'),
(553, 327, '6/b', '2014/2015'),
(554, 327, '6/b', '2014/2015'),
(555, 167, '6/b', '2014/2015'),
(556, 167, '6/b', '2014/2015'),
(557, 167, '6/b', '2014/2015'),
(558, 167, '6/b', '2014/2015'),
(559, 167, '6/b', '2014/2015'),
(560, 167, '6/b', '2014/2015'),
(561, 167, '6/b', '2014/2015'),
(562, 169, '6/b', '2014/2015'),
(563, 169, '6/b', '2014/2015'),
(564, 169, '6/b', '2014/2015'),
(565, 169, '6/b', '2014/2015'),
(566, 169, '6/b', '2014/2015'),
(567, 169, '6/b', '2014/2015'),
(568, 169, '6/b', '2014/2015'),
(569, 172, '6/b', '2014/2015'),
(570, 172, '6/b', '2014/2015'),
(571, 172, '6/b', '2014/2015'),
(572, 172, '6/b', '2014/2015'),
(573, 172, '6/b', '2014/2015'),
(574, 172, '6/b', '2014/2015'),
(575, 172, '6/b', '2014/2015'),
(576, 181, '7/a', '2014/2015'),
(577, 181, '7/a', '2014/2015'),
(578, 181, '7/a', '2014/2015'),
(579, 181, '7/a', '2014/2015'),
(580, 181, '7/a', '2014/2015'),
(581, 181, '7/a', '2014/2015'),
(582, 181, '7/a', '2014/2015'),
(583, 181, '7/a', '2014/2015'),
(584, 328, '7/b', '2014/2015'),
(585, 188, '7/b', '2014/2015'),
(586, 188, '7/b', '2014/2015'),
(587, 330, '7/b', '2014/2015'),
(588, 330, '7/b', '2014/2015'),
(589, 330, '7/b', '2014/2015'),
(590, 330, '7/b', '2014/2015'),
(591, 330, '7/b', '2014/2015'),
(592, 330, '7/b', '2014/2015'),
(593, 330, '7/b', '2014/2015'),
(594, 330, '7/b', '2014/2015'),
(595, 330, '7/b', '2014/2015'),
(596, 189, '8/a', '2014/2015'),
(597, 190, '8/a', '2014/2015'),
(598, 191, '8/a', '2014/2015'),
(599, 200, '8/a', '2014/2015'),
(600, 192, '8/a', '2014/2015'),
(601, 193, '8/a', '2014/2015'),
(602, 196, '8/a', '2014/2015'),
(603, 197, '8/a', '2014/2015'),
(604, 199, '8/b', '2014/2015'),
(605, 199, '8/b', '2014/2015'),
(606, 199, '8/b', '2014/2015'),
(607, 199, '8/b', '2014/2015'),
(608, 199, '8/b', '2014/2015'),
(609, 199, '8/b', '2014/2015'),
(610, 199, '8/b', '2014/2015'),
(611, 199, '8/b', '2014/2015'),
(612, 199, '8/b', '2014/2015'),
(613, 331, '8/b', '2014/2015'),
(614, 331, '8/b', '2014/2015'),
(615, 331, '8/b', '2014/2015'),
(616, 331, '8/b', '2014/2015'),
(617, 331, '8/b', '2014/2015'),
(618, 331, '8/b', '2014/2015'),
(619, 331, '8/b', '2014/2015'),
(620, 331, '8/b', '2014/2015'),
(621, 331, '8/b', '2014/2015'),
(622, 203, '8/b', '2014/2015'),
(623, 203, '8/b', '2014/2015'),
(624, 203, '8/b', '2014/2015'),
(625, 203, '8/b', '2014/2015'),
(626, 203, '8/b', '2014/2015'),
(627, 203, '8/b', '2014/2015'),
(628, 203, '8/b', '2014/2015'),
(629, 203, '8/b', '2014/2015'),
(630, 203, '8/b', '2014/2015'),
(631, 206, '8/b', '2014/2015'),
(632, 206, '8/b', '2014/2015'),
(633, 206, '8/b', '2014/2015'),
(634, 206, '8/b', '2014/2015'),
(635, 206, '8/b', '2014/2015'),
(636, 206, '8/b', '2014/2015'),
(637, 206, '8/b', '2014/2015'),
(638, 206, '8/b', '2014/2015'),
(639, 206, '8/b', '2014/2015'),
(640, 332, '8/b', '2014/2015'),
(641, 332, '8/b', '2014/2015'),
(642, 332, '8/b', '2014/2015'),
(643, 332, '8/b', '2014/2015'),
(644, 332, '8/b', '2014/2015'),
(645, 332, '8/b', '2014/2015'),
(646, 332, '8/b', '2014/2015'),
(647, 332, '8/b', '2014/2015'),
(648, 202, '8/b', '2014/2015'),
(649, 202, '8/b', '2014/2015'),
(650, 202, '8/b', '2014/2015'),
(651, 202, '8/b', '2014/2015'),
(652, 202, '8/b', '2014/2015'),
(653, 202, '8/b', '2014/2015'),
(654, 204, '8/b', '2014/2015'),
(655, 204, '8/b', '2014/2015'),
(656, 205, '8/b', '2014/2015'),
(657, 205, '8/b', '2014/2015'),
(658, 207, '8/b', '2014/2015'),
(659, 207, '8/b', '2014/2015'),
(660, 207, '8/b', '2014/2015'),
(661, 207, '8/b', '2014/2015'),
(662, 217, '9/A', '2014/2015'),
(663, 217, '9/A', '2014/2015'),
(664, 217, '9/A', '2014/2015'),
(665, 217, '9/A', '2014/2015'),
(666, 217, '9/A', '2014/2015'),
(667, 217, '9/A', '2014/2015'),
(668, 217, '9/A', '2014/2015'),
(669, 217, '9/A', '2014/2015'),
(670, 333, '9/A', '2014/2015'),
(671, 333, '9/A', '2014/2015'),
(672, 333, '9/A', '2014/2015'),
(673, 333, '9/A', '2014/2015'),
(674, 333, '9/A', '2014/2015'),
(675, 333, '9/A', '2014/2015'),
(676, 333, '9/A', '2014/2015'),
(677, 333, '9/A', '2014/2015'),
(678, 333, '9/A', '2014/2015'),
(679, 333, '9/A', '2014/2015'),
(680, 334, '9/A', '2014/2015'),
(681, 334, '9/A', '2014/2015'),
(682, 334, '9/A', '2014/2015'),
(683, 334, '9/A', '2014/2015'),
(684, 334, '9/A', '2014/2015'),
(685, 334, '9/A', '2014/2015'),
(686, 334, '9/A', '2014/2015'),
(687, 334, '9/A', '2014/2015'),
(688, 334, '9/A', '2014/2015'),
(689, 334, '9/A', '2014/2015'),
(690, 334, '9/A', '2014/2015'),
(691, 335, '9/A', '2014/2015'),
(692, 335, '9/A', '2014/2015'),
(693, 335, '9/A', '2014/2015'),
(694, 335, '9/A', '2014/2015'),
(695, 335, '9/A', '2014/2015'),
(696, 335, '9/A', '2014/2015'),
(697, 335, '9/A', '2014/2015'),
(698, 335, '9/A', '2014/2015'),
(699, 335, '9/A', '2014/2015'),
(700, 335, '9/A', '2014/2015'),
(701, 335, '9/A', '2014/2015'),
(702, 335, '9/A', '2014/2015'),
(703, 220, '9/A', '2014/2015'),
(704, 220, '9/A', '2014/2015'),
(705, 220, '9/A', '2014/2015'),
(706, 220, '9/A', '2014/2015'),
(707, 58, '9/A', '2014/2015'),
(708, 58, '9/A', '2014/2015'),
(709, 58, '9/A', '2014/2015'),
(710, 58, '9/A', '2014/2015'),
(711, 58, '9/A', '2014/2015'),
(712, 58, '9/A', '2014/2015'),
(713, 58, '9/A', '2014/2015'),
(714, 58, '9/A', '2014/2015'),
(715, 58, '9/A', '2014/2015'),
(716, 58, '9/A', '2014/2015'),
(717, 58, '9/A', '2014/2015'),
(718, 243, '9/B', '2014/2015'),
(719, 243, '9/B', '2014/2015'),
(720, 243, '9/B', '2014/2015'),
(721, 245, '9/B', '2014/2015'),
(722, 245, '9/B', '2014/2015'),
(723, 245, '9/B', '2014/2015'),
(724, 246, '9/B', '2014/2015'),
(725, 246, '9/B', '2014/2015'),
(726, 246, '9/B', '2014/2015'),
(727, 242, '9/B', '2014/2015'),
(728, 242, '9/B', '2014/2015'),
(729, 242, '9/B', '2014/2015'),
(730, 224, '9/B', '2014/2015'),
(731, 224, '9/B', '2014/2015'),
(732, 224, '9/B', '2014/2015'),
(733, 248, '9/B', '2014/2015'),
(734, 248, '9/B', '2014/2015'),
(735, 248, '9/B', '2014/2015'),
(736, 249, '9/B', '2014/2015'),
(737, 249, '9/B', '2014/2015'),
(738, 249, '9/B', '2014/2015'),
(739, 250, '9/B', '2014/2015'),
(740, 250, '9/B', '2014/2015'),
(741, 250, '9/B', '2014/2015'),
(742, 251, '9/B', '2014/2015'),
(743, 251, '9/B', '2014/2015'),
(744, 251, '9/B', '2014/2015'),
(745, 210, '9/KNY', '2014/2015'),
(746, 210, '9/KNY', '2014/2015'),
(747, 210, '9/KNY', '2014/2015'),
(748, 210, '9/KNY', '2014/2015'),
(749, 210, '9/KNY', '2014/2015'),
(750, 210, '9/KNY', '2014/2015'),
(751, 210, '9/KNY', '2014/2015'),
(752, 211, '9/KNY', '2014/2015'),
(753, 211, '9/KNY', '2014/2015'),
(754, 211, '9/KNY', '2014/2015'),
(755, 218, '9/KNY', '2014/2015'),
(756, 218, '9/KNY', '2014/2015'),
(757, 218, '9/KNY', '2014/2015'),
(758, 219, '9/KNY', '2014/2015'),
(759, 219, '9/KNY', '2014/2015'),
(760, 219, '9/KNY', '2014/2015'),
(761, 221, '9/KNY', '2014/2015'),
(762, 221, '9/KNY', '2014/2015'),
(763, 336, '9/KNY', '2014/2015'),
(764, 336, '9/KNY', '2014/2015'),
(765, 336, '9/KNY', '2014/2015'),
(766, 336, '9/KNY', '2014/2015'),
(767, 336, '9/KNY', '2014/2015'),
(768, 336, '9/KNY', '2014/2015'),
(769, 337, '9/KNY', '2014/2015'),
(770, 337, '9/KNY', '2014/2015'),
(771, 337, '9/KNY', '2014/2015'),
(772, 337, '9/KNY', '2014/2015'),
(773, 337, '9/KNY', '2014/2015'),
(774, 222, '9/KNY', '2014/2015'),
(775, 222, '9/KNY', '2014/2015'),
(776, 222, '9/KNY', '2014/2015'),
(777, 222, '9/KNY', '2014/2015'),
(778, 338, '9/KNY', '2014/2015'),
(779, 338, '9/KNY', '2014/2015'),
(780, 338, '9/KNY', '2014/2015'),
(781, 338, '9/KNY', '2014/2015'),
(782, 338, '9/KNY', '2014/2015'),
(783, 213, '9/KNY', '2014/2015'),
(784, 213, '9/KNY', '2014/2015'),
(785, 213, '9/KNY', '2014/2015'),
(786, 213, '9/KNY', '2014/2015'),
(787, 339, '9/KNY', '2014/2015'),
(788, 339, '9/KNY', '2014/2015'),
(789, 339, '9/KNY', '2014/2015'),
(790, 339, '9/KNY', '2014/2015'),
(791, 339, '9/KNY', '2014/2015'),
(792, 215, '9/KNY', '2014/2015'),
(793, 215, '9/KNY', '2014/2015'),
(794, 215, '9/KNY', '2014/2015'),
(795, 215, '9/KNY', '2014/2015'),
(796, 215, '9/KNY', '2014/2015'),
(797, 340, '9/KNY', '2014/2015'),
(798, 340, '9/KNY', '2014/2015'),
(799, 340, '9/KNY', '2014/2015'),
(800, 340, '9/KNY', '2014/2015'),
(801, 340, '9/KNY', '2014/2015'),
(802, 340, '9/KNY', '2014/2015'),
(803, 216, '9/KNY', '2014/2015'),
(804, 216, '9/KNY', '2014/2015'),
(805, 216, '9/KNY', '2014/2015'),
(806, 216, '9/KNY', '2014/2015'),
(807, 216, '9/KNY', '2014/2015'),
(808, 223, '9/KNY', '2014/2015'),
(809, 223, '9/KNY', '2014/2015'),
(810, 223, '9/KNY', '2014/2015'),
(811, 223, '9/KNY', '2014/2015'),
(812, 223, '9/KNY', '2014/2015'),
(813, 341, '10/A', '2014/2015'),
(814, 341, '10/A', '2014/2015'),
(815, 341, '10/A', '2014/2015'),
(816, 341, '10/A', '2014/2015'),
(817, 341, '10/A', '2014/2015'),
(818, 341, '10/A', '2014/2015'),
(819, 341, '10/A', '2014/2015'),
(820, 341, '10/A', '2014/2015'),
(821, 341, '10/A', '2014/2015'),
(822, 341, '10/A', '2014/2015'),
(823, 227, '10/A', '2014/2015'),
(824, 227, '10/A', '2014/2015'),
(825, 227, '10/A', '2014/2015'),
(826, 227, '10/A', '2014/2015'),
(827, 227, '10/A', '2014/2015'),
(828, 227, '10/A', '2014/2015'),
(829, 227, '10/A', '2014/2015'),
(830, 227, '10/A', '2014/2015'),
(831, 227, '10/A', '2014/2015'),
(832, 227, '10/A', '2014/2015'),
(833, 247, '10/A', '2014/2015'),
(834, 247, '10/A', '2014/2015'),
(835, 247, '10/A', '2014/2015'),
(836, 247, '10/A', '2014/2015'),
(837, 247, '10/A', '2014/2015'),
(838, 247, '10/A', '2014/2015'),
(839, 247, '10/A', '2014/2015'),
(840, 247, '10/A', '2014/2015'),
(841, 247, '10/A', '2014/2015'),
(842, 247, '10/A', '2014/2015'),
(843, 247, '10/A', '2014/2015'),
(844, 229, '10/A', '2014/2015'),
(845, 229, '10/A', '2014/2015'),
(846, 229, '10/A', '2014/2015'),
(847, 229, '10/A', '2014/2015'),
(848, 229, '10/A', '2014/2015'),
(849, 229, '10/A', '2014/2015'),
(850, 229, '10/A', '2014/2015'),
(851, 229, '10/A', '2014/2015'),
(852, 229, '10/A', '2014/2015'),
(853, 229, '10/A', '2014/2015'),
(854, 229, '10/A', '2014/2015'),
(855, 231, '10/A', '2014/2015'),
(856, 231, '10/A', '2014/2015'),
(857, 231, '10/A', '2014/2015'),
(858, 231, '10/A', '2014/2015'),
(859, 231, '10/A', '2014/2015'),
(860, 231, '10/A', '2014/2015'),
(861, 231, '10/A', '2014/2015'),
(862, 231, '10/A', '2014/2015'),
(863, 231, '10/A', '2014/2015'),
(864, 231, '10/A', '2014/2015'),
(865, 231, '10/A', '2014/2015'),
(866, 225, '10/A', '2014/2015'),
(867, 225, '10/A', '2014/2015'),
(868, 225, '10/A', '2014/2015'),
(869, 225, '10/A', '2014/2015'),
(870, 225, '10/A', '2014/2015'),
(871, 225, '10/A', '2014/2015'),
(872, 225, '10/A', '2014/2015'),
(873, 225, '10/A', '2014/2015'),
(874, 225, '10/A', '2014/2015'),
(875, 225, '10/A', '2014/2015'),
(876, 226, '10/A', '2014/2015'),
(877, 226, '10/A', '2014/2015'),
(878, 226, '10/A', '2014/2015'),
(879, 226, '10/A', '2014/2015'),
(880, 226, '10/A', '2014/2015'),
(881, 226, '10/A', '2014/2015'),
(882, 226, '10/A', '2014/2015'),
(883, 226, '10/A', '2014/2015'),
(884, 226, '10/A', '2014/2015'),
(885, 226, '10/A', '2014/2015'),
(886, 230, '10/A', '2014/2015'),
(887, 230, '10/A', '2014/2015'),
(888, 230, '10/A', '2014/2015'),
(889, 230, '10/A', '2014/2015'),
(890, 230, '10/A', '2014/2015'),
(891, 230, '10/A', '2014/2015'),
(892, 230, '10/A', '2014/2015'),
(893, 230, '10/A', '2014/2015'),
(894, 230, '10/A', '2014/2015'),
(895, 230, '10/A', '2014/2015'),
(896, 230, '10/A', '2014/2015'),
(897, 236, '10/B', '2014/2015'),
(898, 236, '10/B', '2014/2015'),
(899, 236, '10/B', '2014/2015'),
(900, 236, '10/B', '2014/2015'),
(901, 236, '10/B', '2014/2015'),
(902, 236, '10/B', '2014/2015'),
(903, 239, '10/B', '2014/2015'),
(904, 239, '10/B', '2014/2015'),
(905, 239, '10/B', '2014/2015'),
(906, 239, '10/B', '2014/2015'),
(907, 239, '10/B', '2014/2015'),
(908, 239, '10/B', '2014/2015'),
(909, 233, '10/B', '2014/2015'),
(910, 233, '10/B', '2014/2015'),
(911, 233, '10/B', '2014/2015'),
(912, 235, '10/B', '2014/2015'),
(913, 235, '10/B', '2014/2015'),
(914, 235, '10/B', '2014/2015'),
(915, 235, '10/B', '2014/2015'),
(916, 235, '10/B', '2014/2015'),
(917, 235, '10/B', '2014/2015'),
(918, 237, '10/B', '2014/2015'),
(919, 237, '10/B', '2014/2015'),
(920, 237, '10/B', '2014/2015'),
(921, 237, '10/B', '2014/2015'),
(922, 237, '10/B', '2014/2015'),
(923, 237, '10/B', '2014/2015'),
(924, 238, '10/B', '2014/2015'),
(925, 238, '10/B', '2014/2015'),
(926, 238, '10/B', '2014/2015'),
(927, 238, '10/B', '2014/2015'),
(928, 238, '10/B', '2014/2015'),
(929, 238, '10/B', '2014/2015'),
(930, 240, '10/B', '2014/2015'),
(931, 240, '10/B', '2014/2015'),
(932, 240, '10/B', '2014/2015'),
(933, 240, '10/B', '2014/2015'),
(934, 240, '10/B', '2014/2015'),
(935, 240, '10/B', '2014/2015'),
(936, 241, '10/B', '2014/2015'),
(937, 241, '10/B', '2014/2015'),
(938, 241, '10/B', '2014/2015'),
(939, 241, '10/B', '2014/2015'),
(940, 241, '10/B', '2014/2015'),
(941, 241, '10/B', '2014/2015'),
(942, 52, '11/A', '2014/2015'),
(943, 52, '11/A', '2014/2015'),
(944, 52, '11/A', '2014/2015'),
(945, 52, '11/A', '2014/2015'),
(946, 52, '11/A', '2014/2015'),
(947, 52, '11/A', '2014/2015'),
(948, 52, '11/A', '2014/2015'),
(949, 48, '11/A', '2014/2015'),
(950, 48, '11/A', '2014/2015'),
(951, 48, '11/A', '2014/2015'),
(952, 48, '11/A', '2014/2015'),
(953, 48, '11/A', '2014/2015'),
(954, 48, '11/A', '2014/2015'),
(955, 48, '11/A', '2014/2015'),
(956, 49, '11/A', '2014/2015'),
(957, 49, '11/A', '2014/2015'),
(958, 49, '11/A', '2014/2015'),
(959, 49, '11/A', '2014/2015'),
(960, 49, '11/A', '2014/2015'),
(961, 49, '11/A', '2014/2015'),
(962, 49, '11/A', '2014/2015'),
(963, 50, '11/A', '2014/2015'),
(964, 50, '11/A', '2014/2015'),
(965, 50, '11/A', '2014/2015'),
(966, 50, '11/A', '2014/2015'),
(967, 50, '11/A', '2014/2015'),
(968, 50, '11/A', '2014/2015'),
(969, 50, '11/A', '2014/2015'),
(970, 53, '11/A', '2014/2015'),
(971, 53, '11/A', '2014/2015'),
(972, 53, '11/A', '2014/2015'),
(973, 53, '11/A', '2014/2015'),
(974, 53, '11/A', '2014/2015'),
(975, 53, '11/A', '2014/2015'),
(976, 53, '11/A', '2014/2015'),
(977, 51, '11/A', '2014/2015'),
(978, 51, '11/A', '2014/2015'),
(979, 51, '11/A', '2014/2015'),
(980, 51, '11/A', '2014/2015'),
(981, 51, '11/A', '2014/2015'),
(982, 51, '11/A', '2014/2015'),
(983, 54, '11/A', '2014/2015'),
(984, 54, '11/A', '2014/2015'),
(985, 54, '11/A', '2014/2015'),
(986, 54, '11/A', '2014/2015'),
(987, 54, '11/A', '2014/2015'),
(988, 54, '11/A', '2014/2015'),
(989, 59, '12/B', '2014/2015'),
(990, 59, '12/B', '2014/2015'),
(991, 59, '12/B', '2014/2015'),
(992, 65, '12/B', '2014/2015'),
(993, 65, '12/B', '2014/2015'),
(994, 65, '12/B', '2014/2015'),
(995, 65, '12/B', '2014/2015'),
(996, 65, '12/B', '2014/2015'),
(997, 65, '12/B', '2014/2015'),
(998, 67, '12/B', '2014/2015'),
(999, 67, '12/B', '2014/2015'),
(1000, 67, '12/B', '2014/2015'),
(1001, 67, '12/B', '2014/2015'),
(1002, 56, '12/B', '2014/2015'),
(1003, 56, '12/B', '2014/2015'),
(1004, 56, '12/B', '2014/2015'),
(1005, 343, '12/B', '2014/2015'),
(1006, 343, '12/B', '2014/2015'),
(1007, 343, '12/B', '2014/2015'),
(1008, 343, '12/B', '2014/2015'),
(1009, 343, '12/B', '2014/2015'),
(1010, 60, '12/B', '2014/2015'),
(1011, 60, '12/B', '2014/2015'),
(1012, 60, '12/B', '2014/2015'),
(1013, 62, '12/B', '2014/2015'),
(1014, 62, '12/B', '2014/2015'),
(1015, 62, '12/B', '2014/2015'),
(1016, 62, '12/B', '2014/2015'),
(1017, 62, '12/B', '2014/2015'),
(1018, 64, '12/B', '2014/2015'),
(1019, 64, '12/B', '2014/2015'),
(1020, 64, '12/B', '2014/2015'),
(1021, 64, '12/B', '2014/2015'),
(1022, 64, '12/B', '2014/2015'),
(1023, 64, '12/B', '2014/2015'),
(1024, 66, '12/B', '2014/2015'),
(1025, 66, '12/B', '2014/2015'),
(1026, 66, '12/B', '2014/2015'),
(1027, 66, '12/B', '2014/2015'),
(1028, 66, '12/B', '2014/2015'),
(1029, 66, '12/B', '2014/2015'),
(1030, 57, '12/B', '2014/2015'),
(1031, 57, '12/B', '2014/2015'),
(1032, 57, '12/B', '2014/2015'),
(1033, 61, '12/B', '2014/2015'),
(1034, 61, '12/B', '2014/2015'),
(1035, 61, '12/B', '2014/2015'),
(1036, 61, '12/B', '2014/2015'),
(1037, 63, '12/B', '2014/2015'),
(1038, 63, '12/B', '2014/2015'),
(1039, 63, '12/B', '2014/2015'),
(1040, 63, '12/B', '2014/2015'),
(1041, 344, '13/B', '2014/2015'),
(1042, 344, '13/B', '2014/2015'),
(1043, 345, '13/B', '2014/2015'),
(1044, 345, '13/B', '2014/2015'),
(1045, 77, '13/B', '2014/2015'),
(1046, 77, '13/B', '2014/2015'),
(1047, 76, '13/B', '2014/2015'),
(1048, 76, '13/B', '2014/2015'),
(1049, 78, '13/B', '2014/2015'),
(1050, 78, '13/B', '2014/2015'),
(1051, 79, '13/B', '2014/2015'),
(1052, 79, '13/B', '2014/2015'),
(1053, 81, '13/B', '2014/2015'),
(1054, 81, '13/B', '2014/2015'),
(1055, 313, '4/b', '2014/2015');

-- --------------------------------------------------------

--
-- Tábla szerkezet ehhez a táblához `konyv`
--

CREATE TABLE IF NOT EXISTS `konyv` (
  `id` int(11) NOT NULL,
  `cim` varchar(200) COLLATE utf8_hungarian_ci DEFAULT NULL,
  `kod` varchar(20) COLLATE utf8_hungarian_ci DEFAULT NULL,
  `targyId` int(11) DEFAULT NULL,
  `ar` int(11) DEFAULT '0',
  `dbKonyvtarban` int(11) DEFAULT NULL
) ENGINE=InnoDB AUTO_INCREMENT=249 DEFAULT CHARSET=utf8 COLLATE=utf8_hungarian_ci;

--
-- A tábla adatainak kiíratása `konyv`
--

INSERT INTO `konyv` (`id`, `cim`, `kod`, `targyId`, `ar`, `dbKonyvtarban`) VALUES
(1, 'A Mennyei Atya szeret minket', 'IT-120', 4, 650, 0),
(2, 'Az én matematikám 1.', 'AP-010806', 2, 1290, 0),
(3, 'Az én matematikám feladatgyűjtemény 1.', 'AP-010807', 2, 780, 0),
(4, 'Első daloskönyvem 1.', 'AP-012005', 9, 890, 47),
(5, 'Happy House 1 New Edition Activity Book', 'OX-4730648', NULL, 1800, 0),
(6, 'Happy House 1 New Edition Class Book', 'OX-4730532', NULL, 1548, 0),
(7, 'Játékház. Betűtanítás I. az általános iskola 1. osztálya számára', 'NT-11190/M/I', NULL, 585, 0),
(8, 'Játékház. Betűtanítás II. az általános iskola 1. osztálya számára', 'NT-11190/M/II', NULL, 585, 0),
(9, 'Játékház. Feladatlapok I. a Képes olvasókönyvhöz az általános iskola 1. osztálya számára', 'NT-11189/I', NULL, 1800, 0),
(10, 'Játékház. Feladatlapok II. a Képes olvasókönyvhöz az általános iskola 1. osztálya számára', 'NT-11189/II', NULL, 585, 0),
(11, 'Játékház. Képes olvasókönyv az általános iskola 1. osztálya számára', 'NT-11188', 7, 1715, 52),
(12, 'Környezetismeret munkafüzet 1. osztály', 'NT-11143/M', NULL, 690, 0),
(13, 'Környezetismeret tankönyv 1.', 'NT-11143', 20, 990, 47),
(14, 'Informatika 10. középiskolások számára', 'NT-16272/1', 1, 1570, 12),
(15, 'Informatika 10. Munkafüzet', 'NT-16272/M', NULL, 700, 3),
(16, 'Irodalom 10. A felvilágosodás irodalmából. A magyar felvilágosodás irodalmából. A romantika irodalmából.', 'NT-16220/I', 7, 1760, 17),
(17, 'Irodalom 10. A magyar romantika irodalmából', 'NT-16220/II', 7, 1760, 13),
(18, 'Magyar nyelv 10. a középiskolák számára', 'MS-2371', 7, 1600, 19),
(19, 'MUZSIKÁLÓ NAGYVILÁG Ének-zene 10', 'MS-2464', 9, 1475, 14),
(20, 'Quartier libre 2 + Audio-CD1 és CD2', 'RK-9641-853', NULL, 4530, 0),
(21, 'Solutions Intermediate Munkafüzet', 'OX-4551878', NULL, 1500, 0),
(22, 'Solutions Intermediate Student''s Book', 'OX-4551809', NULL, 2028, 0),
(23, 'Delfin 2. Lektionen 11-20. Tankönyv és 1 audio-CD.', 'HV-048-11601', NULL, 2385, 0),
(24, 'Delfin 2. Munkafüzet 11-20. lecke', 'HV-110-731601', NULL, 2175, 0),
(25, 'Matematika 10. a gimnáziumok számára', 'NT-16241/1', 2, 1210, 5),
(26, 'Colores 2 Spanyol munkafüzet CD melléklettel', 'NT-56497/M', NULL, 1760, 0),
(27, 'Colores 2 Spanyol nyelvkönyv CD melléklettel', 'NT-56497', NULL, 3100, 0),
(28, 'FIZIKA 10. – Elektromosságtan, hőtan tankönyv', 'MS-2619', 11, 1690, 14),
(29, 'KÉMIA 10. – Szerves kémiai ismeretek tankönyv', 'MS-2620', 12, 1690, 17),
(30, 'Földrajz 10. Regionális földrajz', 'NT-16136', 15, 1760, 15),
(31, 'Irodalom 11. A modernség fordulata a világirodalomban. A magyar modernség felé. Az avantgárd modernség irodalmából', 'NT-16320/I', 7, 1760, 1),
(32, 'Irodalom 11. Életművek a klasszikus modernség magyar irodalmából. A korszak magyar prózairodalmából. Líra a Nyugat-kánon peremén', 'NT-16320/II', 7, 1760, 1),
(33, 'Magyar nyelv 11. a középiskolák számára', 'MS-2372', 7, 1600, 1),
(34, 'BIOLÓGIA 10. – Gimnáziumi tankönyv', 'MS-2641T', 8, 1760, 16),
(35, 'em neu Brückenkurs tankönyv', 'HV-175-1696', NULL, 2025, 1),
(36, 'Katolikus HIT és erkölcs sorozat - Hiszem, értem, vallom (12.kötet)', 'MZ-0012', 4, 898, 5),
(37, 'Longman Exam Accelerator', 'LM-1080', NULL, 2634, 1),
(38, 'Irodalom 12. Tankönyv', 'NT-16450/1', 7, 1420, 2),
(39, 'BIOLÓGIA 12 gimnáziumi tankönyv', 'MS-2643T', 8, 1690, 1),
(40, 'Matematika 12. a gimnáziumok számára', 'NT-16441/1', 2, 1210, 0),
(41, 'Colores', 'NT-56498', 6, 3190, 0),
(42, 'Colores', 'NT-56498/M', 6, 1840, 0),
(43, 'Magyar nyelv és kommunikáció. Munkafüzet 12. évfolyam számára', 'NT-01231/M/1', NULL, 810, 0),
(44, 'Irodalom 12. szöveggyűjtemény', 'NT-14450-16450/SZ', 7, 1190, 0),
(45, 'Irodalomkönyv a szakközépiskolák 12. évfolyama számára', 'NT-14450/1', 7, 1355, 0),
(46, 'Anyanyelvünk világa I. kötet 2.osztály', 'NT-00261/I/1', 7, 640, 0),
(47, 'Anyanyelvünk világa II. kötet 2. osztály', 'NT-00261/II/1', 7, 640, 0),
(48, 'Az én matematikám 2. évfolyam', 'AP-020809', 2, 1185, 0),
(49, 'Az én matematikám feladatgyűjtemény az általános iskola 2. évfolyama számára', 'AP-020810', 2, 725, 0),
(50, 'Elsőáldozók könyve I.', 'IT-121', 4, 1000, 0),
(51, 'Ki(s)számoló feladatok 2. osztályosoknak', 'NT-80184', NULL, 770, 0),
(52, 'Környezetismeret I. félév általános iskola 2. osztály', 'NT-00243/I', NULL, 645, 0),
(53, 'Környezetismeret II. félév általános iskola 2. osztály', 'NT-00243/II', NULL, 710, 0),
(54, 'Környezetismeret Tudáspróbák 2. osztály', 'NT-00243/F', NULL, 260, 0),
(55, 'Második daloskönyvem', 'AP-022002', NULL, 870, 0),
(56, 'Olvasás, szövegértés – 2. osztály', 'PD-361', NULL, 990, 0),
(57, 'Olvasási munkafüzet I. általános iskola 2. osztály', 'NT-00260/M/I/2', NULL, 615, 0),
(58, 'Olvasási munkafüzet II. általános iskola 2. osztály', 'NT-00260/M/II/2', NULL, 615, 0),
(59, 'Olvasókönyv 2.', 'NT-00260/2', NULL, 1620, 0),
(60, 'Ugróiskola - ANYANYELV, ÉDES ANYANYELV! 2. osztály', 'PD-345', NULL, 1075, 0),
(61, 'Anyanyelvünk világa I. általános iskola 3. osztály', 'NT-00361/I/1', 7, 820, 0),
(62, 'Anyanyelvünk világa II. általános iskola 3.', 'NT-00361/II/1', 7, 820, 0),
(63, 'Fogalmazási kalauz általános iskola 3. osztály', 'NT-00361/M/1', NULL, 550, 0),
(64, 'Happy Street 1 New Edition Activity Book + MultiROM', 'OX-4731096', NULL, 1980, 0),
(65, 'Happy Street 1 New Edition Class Book', 'OX-4730952', NULL, 1800, 0),
(66, 'Harmadik matematikakönyvem 3. évfolyam I. kötet', 'AP-030808', NULL, 1135, 0),
(67, 'Harmadik matematikakönyvem 3. évfolyam II. kötet', 'AP-030809', NULL, 1135, 0),
(68, 'Irodalmi olvasókönyv általános iskola 3. osztály', 'NT-00360/1', 7, 1725, 0),
(69, 'Környezetismeret munkafüzet. Általános iskola 3. osztály', 'NT-00343/M', NULL, 815, 0),
(70, 'Környezetismeret tankönyv. Általános iskola 3. osztály', 'NT-00343', 20, 965, -1),
(71, 'Olvasás, szövegértés – 3. osztály', 'PD-162', NULL, 990, 0),
(72, 'Olvasási munkafüzet I. Általános iskola 3. osztály', 'NT-00360/M/I/1', NULL, 700, 0),
(73, 'Olvasási munkafüzet II. Általános iskola 3. osztály', 'NT-00360/M/II/1', NULL, 700, 0),
(74, 'Ugróiskola – Hej, írás, helyesírás! 3. osztály', 'PD-365', NULL, 1035, 0),
(75, 'Harmadik daloskönyvem', 'AP-032004', 9, 945, 0),
(76, 'Anyanyelvünk világa általános iskola 4. osztály', 'NT-00461/1', 7, 1410, 0),
(77, 'Fogalmazási kalauz általános iskola 4. osztály', 'NT-00461/M/1', NULL, 745, 0),
(78, 'Informatika munkatankönyv a 3. évfolyam részére', 'JO-0103', 1, 610, 0),
(79, 'Irodalmi olvasókönyv általános iskola 4. osztály', 'NT-00460/1', 7, 1835, 0),
(80, 'Ki(s)számoló feladatok 4. osztályosoknak', 'NT-80186', NULL, 770, 0),
(81, 'Környezetismeret munkafüzet. Általános iskola 4. osztály', 'NT-00443/M/1', NULL, 650, 0),
(82, 'Környezetismeret tankönyv. Általános iskola 4. osztály', 'NT-00443/1', 20, 1070, 0),
(83, 'Negyedik daloskönyvem', 'AP-042004', 9, 945, 0),
(84, 'Negyedik matematikakönyvem 4. évfolyam I. kötet', 'AP-040808', NULL, 1085, 0),
(85, 'Negyedik matematikakönyvem 4. évfolyam II. kötet', 'AP-040809', NULL, 1085, 0),
(86, 'Népem vagytok (Munkafüzet 4)', 'RD-0015', NULL, 400, 0),
(87, 'Népem vagytok... (Ószövetségi olvasmányok)', 'RD-0005', NULL, 830, 0),
(88, 'Olvasási munkafüzet általános iskola 4. osztály', 'NT-00460/M/1', NULL, 930, 0),
(89, 'Ugróiskola – Hej, írás, helyesírás! 4. osztály', 'PD-366', NULL, 1035, 0),
(90, 'A Katolikus Egyház istentisztelete (Liturgia)', 'RD-0006', 4, 830, 38),
(91, 'Kompetencia alapú feladatgyűjtemény matematikából 5. évfolyam', 'MX-259/1', 2, 1210, 0),
(92, 'Középiskolai történelmi atlasz', 'CR-0082', 21, 2490, -1),
(93, 'Magyar nyelv és kommunikáció Munkafüzet 5. évfolyam számára', 'NT-11531/M', NULL, 990, 1),
(94, 'Magyar nyelv és kommunikáció. Tankönyv az 5. évfolyam számára', 'NT-11531', 7, 1290, 37),
(95, 'Project 1 Third edition Munkafüzet + Tanulói CD-ROM', 'OX-4763684 új', NULL, 1800, 0),
(96, 'Project 1 Third edition Student''s Book', 'OX-4763004 új', NULL, 1930, 0),
(97, 'Sokszínű irodalom tankönyv 5. osztály', 'MS-2345U', 7, 1165, 41),
(98, 'Természetismeret 5. Élő és élettelen környezetünk', 'MS-2604U', 22, 1135, 44),
(99, 'TÖRTÉNELEM 5', 'MS-2655U', 21, 1310, 41),
(100, 'A sziklára épült Egyház', 'IT-106', 4, 1300, 0),
(101, 'Ének-zene az általános iskola 6. évfolyama számára', 'NT-00667/1', NULL, 825, 2),
(102, 'Irodalom az általános iskola 6. évfolyama és a 12 éves korosztály számára', 'AP-060509', 7, 1205, 0),
(103, 'Magyar nyelv és kommunikáció. Munkafüzet a 6. évfolyam számára', 'NT-00631/M/1', NULL, 725, 0),
(104, 'Magyar nyelv és kommunikáció. Tankönyv az 6. évfolyam számára.', 'NT-00631/2', 7, 710, 29),
(105, 'Matematika tankönyv 6. évfolyam I. kötet', 'AP-060806', NULL, 1000, 0),
(106, 'Matematika tankönyv 6. évfolyam II. kötet', 'AP-060807', NULL, 1000, 0),
(107, 'Project 2 Munkafüzet Third Edition', 'OX-4763691', NULL, 1300, 0),
(108, 'Project 2 Student''s Book Third Edition', 'OX-4763059', NULL, 1690, 0),
(109, 'Természetismeret 6 - Munkafüzet', 'MS-2805T', NULL, 825, 1),
(110, 'TERMÉSZETISMERET 6. –  Magyarország tájai és életközösségei tankönyv', 'MS-2605T', 22, 1165, 2),
(111, 'Történelem az általános iskola 6. évfolyama számára', 'NT-00638', NULL, 1535, 1),
(112, 'Project 3 Munkafüzet Third Edition', 'OX-4763707', NULL, 1272, 0),
(113, 'Project 3 Student''s Book Third Edition', 'OX-4763103', NULL, 2010, 0),
(114, '"""…AZ ÍRÁSOK SZERINT""', 'SA-0005"', 4, 800, 26),
(115, 'BIOLÓGIA 7. tankönyv – Életközösségek - rendszertan', 'MS-2610T', 8, 1270, 7),
(116, 'Ének-zene az általános iskola 7. évfolyama számára', 'NT-00767/1', 9, 825, 15),
(117, 'FIZIKA 7. – Mechanika. Hőtan tankönyv', 'MS-2667T', 11, 1330, 9),
(118, 'Irodalom az általános iskola 7. évfolyama és a 13 éves korosztály számára', 'AP-070510', 7, 1175, 9),
(119, 'Kémia 7. – Kémiai alapismeretek munkafüzet', 'MS-2808T', NULL, 825, 3),
(120, 'KÉMIA 7. – Kémiai alapismeretek tankönyv', 'MS-2608T', 12, 1140, 8),
(121, 'Kontinensek földrajza munkafüzet', 'NT-00779/M/1', NULL, 700, 0),
(122, 'Kontinensek földrajza', 'NT-00779/1', 15, 1525, 26),
(123, 'Magyar nyelv és kommunikáció. Munkafüzet a 7. évfolyam számára', 'NT-00731/M/1', NULL, 735, 0),
(124, 'Magyar nyelv és kommunikáció. Tankönyv az 7. évfolyam számára', 'NT-00731/2', 7, 710, 12),
(125, 'Matematika tankönyv 7. évfolyam I. kötet', 'AP-070805', NULL, 1000, 2),
(126, 'Matematika tankönyv 7. évfolyam II. kötet', 'AP-070806', NULL, 1000, 2),
(127, 'Project 4 Munkafüzet Thid Edition', 'OX-4763714', NULL, 1500, 0),
(128, 'Project 4 Student''s Book Third Edition', 'OX-4763158', NULL, 2010, 0),
(129, 'Történelem az általános iskola 7. évfolyama számára', 'NT-00775/1', 21, 1420, 7),
(130, 'BIOLÓGIA 8. munkafüzet', 'MS-2814T', 8, 875, 1),
(131, 'BIOLÓGIA 8. tankönyv – Az ember szervezete és egészsége', 'MS-2614T', 8, 1270, 6),
(132, 'Ének-zene az általános iskola 8. évfolyama számára', 'NT-00867/1', 9, 860, 7),
(133, 'Európa közepén - Közép-Európa és Magyarország földrajza', 'NT-00879/1', 15, 1410, 8),
(134, 'Európa közepén. Közép-Európa és Magyarország földrajza munkafüzet', 'NT-00879/M', NULL, 570, 1),
(135, 'Fizika 8. – Elektromosságtan. Fénytan tankönyv', 'MS-2668T', 11, 1280, 5),
(136, 'Irodalom 8.', 'AP-080506', 7, 1205, 5),
(137, 'KÉMIA 8. – Szervetlen kémia munkafüzet', 'MS-2812T', NULL, 875, 3),
(138, 'KÉMIA 8. – Szervetlen kémia tankönyv', 'MS-2612', 12, 1165, 7),
(139, 'Magyar nyelv és kommunikáció. Munkafüzet a 8. évfolyam számára', 'NT-00831/M/1', NULL, 700, 0),
(140, 'Magyar nyelv és kommunikáció. Tankönyv a 8. évfolyam számára', 'NT-00831/2', 7, 710, 27),
(141, 'Matematika tankönyv 8. évfolyam I. kötet', 'AP-080806', NULL, 1300, 0),
(142, 'Matematika tankönyv 8. évfolyam II. kötet', 'AP-080807', NULL, 1300, 0),
(143, 'Project 5 Munkafüzet Third Edition', 'OX-4763721', NULL, 1272, 1),
(144, 'Project 5 Student''s Book Third Edition', 'OX-4763202', NULL, 2010, 0),
(145, 'Történelem az általános iskola 8. évfolyama számára', 'NT-00875', 21, 1535, 6),
(146, 'Ének-zene 9', 'MS-2462U', 9, 1460, 34),
(147, 'FIZIKA 9. – Mozgások. Energiaváltozások tankönyv', 'MS-2615U', 11, 1550, 27),
(148, 'Földrajz 9.', 'NT-17133/T', 15, 2090, 27),
(149, 'Földrajzi atlasz', 'DI-ATLASZ', 15, 2625, -1),
(150, 'Informatika 9-10. a gimnáziumok számára', 'NT-17173', 1, 1690, 19),
(151, 'Irodalom 9. I. kötet. Szövegvilágok. Mítosz és irodalom. Az ókori görögség irodalmából. A római irodalomból', 'NT-17120/I/T', 7, 1890, 34),
(152, 'Irodalom 9. II. A Biblia világa. A középkor irodalmából. A reneszánsz irodalmából', 'NT-17120/II/T', 7, 2090, 15),
(153, 'KÉMIA 9. Általános és szervetlen kémia tankönyv', 'MS-2616U', 12, 1550, 22),
(154, 'Lagune 1 Kursbuch audio-CD-vel', 'HV-370-1624', NULL, 2490, 0),
(155, 'Lagune 1 munkafüzet', 'HV-371-601624', NULL, 2280, 0),
(156, 'Magyar nyelv 9. a középiskolák számára', 'MS-2370U', 7, 1500, 9),
(157, 'Matematika 9. (Mindennapok tudománya)', 'MX-737/T', NULL, 1850, 16),
(158, 'Matematika. Gyakorló és érettségire felkészítő feladatgyűjtemény I. (CD melléklettel)', 'NT-16125/NAT', 2, 2690, -1),
(159, 'Matematikai, fizikai, kémiai összefüggések. Négyjegyű függvénytáblázatok', 'NT-15129', 2, 1250, 0),
(160, 'Solutions Pre-Intermediate Munkafüzet', 'OX-4551724', NULL, 1500, 0),
(161, 'Solutions Pre-Intermediate Student''s Book', 'OX-4551656', NULL, 2028, 0),
(162, 'Történelem 9. a négyosztályos gimnáziumok és a szakközépiskolák számára', 'NT-17142', 21, 1690, 25),
(163, 'Colores 1 Spanyol munkafüzet CD melléklettel', 'NT-56496/M/NAT', 6, 1760, 0),
(164, 'Colores 1. Spanyol nyelvkönyv CD melléklettel', 'NT-56496/NAT', 6, 3100, 0),
(165, 'Matematika a nyelvi előkészítő évfolyam számára', 'NT-81491', 2, 855, 19),
(166, 'GRAMMARWAY 3 - Student''s Book', 'EX-027', NULL, 2159, 0),
(167, 'Success Intermediate Students'' Book', 'LM-1292', NULL, 1800, 0),
(168, 'Success Intermediate Workbook', 'LM-1293', NULL, 1560, 0),
(169, 'Success Pre-Intermediate Students'' Book', 'LM-1290', NULL, 1800, 0),
(170, 'Success Pre-Intermediate Workbook', 'LM-1291', NULL, 1560, 0),
(171, 'Isten szeret engem!', 'CL-633465', 4, 980, 0),
(172, 'Az én matematikám 2.', 'AP-020813', 2, 1190, 0),
(173, 'Az én matematikám feladatgyűjtemény 2.', 'AP-020814', 2, 790, 0),
(174, 'Gyere velem Jézushoz!', 'CL-63354x', NULL, 980, 0),
(175, 'Happy House 2 New Edition Activity Book + MultiROM', 'OX-4730341', NULL, 1980, 0),
(176, 'Happy House 2 New Edition Class Book', 'OX-4730259', NULL, 1800, 0),
(177, 'Környezetismeret munkafüzet 2. osztály', 'NT-11243/M', NULL, 600, 0),
(178, 'Környezetismeret tankönyv 2. osztály', 'NT-11243', 20, 890, 0),
(179, 'Második daloskönyvem 2.', 'AP-022003', 9, 900, 0),
(180, 'Nyelvtan és helyesírás 2.', 'AP-020307', NULL, 1290, 0),
(181, 'Nyelvtan és helyesírás munkafüzet 2.', 'AP-020306', NULL, 950, 0),
(182, 'Olvasási munkafüzet 2. osztály', 'NT-11260/M', NULL, 590, 0),
(183, 'Olvasókönyv 2. osztály', 'NT-11260', 7, 1490, 0),
(184, 'Elsőáldozók könyve 2.', 'IT-122', 4, 0, 0),
(185, 'Happy Street 2 New Edition Activity Book + MultiROM', 'OX-4730921', NULL, 0, 0),
(186, 'Happy Street 2 New Edition Class Book', 'OX-4730822', NULL, 0, 0),
(187, 'Környezetismeret munkafüzet az általános iskolák 4. évfolyama számára', 'NT-00443/M', NULL, 670, 0),
(188, 'Ének-zene 5', 'MS-2455U', 9, 1070, 0),
(189, 'Matematika 5.', 'AP-050809', 2, 990, -1),
(190, 'Matematika feladatgyűjtemény 5.', 'AP-050810', 2, 810, -1),
(191, 'Természetismeret 5. munkafüzet – Élő és élettelen környezetünk', 'MS-2804U', NULL, 775, 0),
(192, 'Magyar nyelv és kommunikáció. Tankönyv az 5. évfolyam számára', 'NT-11531/T', 7, 1590, 0),
(193, 'Ének-zene 6', 'MS-2456U', 9, 1070, 0),
(194, 'Hatodikos informatika', 'PD-442', 1, 1445, 0),
(195, 'Irodalom 6. Olvasókönyv a hatodik évfolyam számára', 'NT-11613', 7, 1090, 0),
(196, 'Magyar nyelv és kommunikáció. Munkafüzet a 6. évfolyam számára', 'NT-11631/M', NULL, 890, 0),
(197, 'Magyar nyelv és kommunikáció.Tankönyv a 6. évfolyam számára', 'NT-11631', 7, 1090, 0),
(198, 'Matematika - feladatgyűjtemény 6.', 'AP-060810', NULL, 990, 0),
(199, 'Matematika 6.', 'AP-060809', 2, 990, 0),
(200, 'Történelem 6. az általános iskolások számára', 'NT-11675', 21, 1090, 0),
(201, 'BIOLÓGIA 7. munkafüzet', 'MS-2810T', 8, 855, 0),
(202, 'English Plus Student''s Book 3', 'OX-4748582', NULL, 0, 0),
(203, 'English Plus Workbook 3 with MultiROM', 'OX-4748780', NULL, 0, 0),
(204, 'VELÜNK AZ ISTEN', 'SA-0006', 4, 800, 0),
(205, 'Egyháztörténelem', 'IT-110', 4, 1750, 0),
(206, 'Földrajz 9.', 'NT-17133', 15, 1290, 0),
(207, 'Irodalom 9. I. kötet. Szövegvilágok. Mítosz és irodalom. Az ókori görögség irodalmából. A római irodalomból', 'NT-17120/I', 7, 1190, 0),
(208, 'Irodalom 9. II. A Biblia világa. A középkor irodalmából. A reneszánsz irodalmából', 'NT-17120/II', 7, 1390, 0),
(209, 'Matematika 9. a gimnáziumok számára', 'NT-16141/1', 2, 1210, 0),
(210, 'Matematikai, fizikai, kémiai összefüggések - Négyjegyű függvénytáblázatok', 'NT-15129/NAT', 2, 1090, -1),
(211, 'Solutions 2nd edition Pre-Intermediate Munkafüzet + audio CD', 'OX-4553636', NULL, 0, 0),
(212, 'Solutions 2nd edition Pre-Intermediate Student''s Book', 'OX-4552875', NULL, 0, 0),
(213, 'Földrajzi atlasz', 'DI-ATLASZ/KT', 15, 2625, 0),
(214, 'Ének-zene 10', 'MS-2464U', 9, 1520, 0),
(215, 'Irodalom 10. I. kötet. A magyar barokk irodalmából. A francia klasszicista dráma. A felvilágosodás irodalmából. A magyar felvilágosodás irodalmából. A romatika epikájából. A realista regény', 'NT-17220/I', 7, 1390, 0),
(216, 'Irodalom 10. II. kötet. A romantika lírájából. A magyar romantika irodalmából', 'NT-17220/II', 7, 1390, 0),
(217, 'Live English Grammar Intermediate', 'EK-LiveEngGr4', NULL, 2160, 0),
(218, 'Traveller B1+  Student''s Book', 'EK-Traveller09_UJ', NULL, 2160, 0),
(219, 'Traveller B1+ Workbook ', 'EK-Traveller10_UJ', NULL, 1800, 0),
(220, 'Traveller Level B2 Student'' Book', 'EK-Traveller11_UJ', NULL, 2634, 0),
(221, 'Traveller Level B2 Workbook', 'EK-Traveller12_UJ', NULL, 1800, 0),
(222, 'Traveller Pre-Intermediate Student''s Book', 'EK-Traveller05_UJ', NULL, 1985, 0),
(223, 'Traveller Pre-Intermediate Workbook (with CD-ROM) ', 'EK-Traveller06_UJ', NULL, 2100, 0),
(224, 'Colores 2. Spanyol munkafüzet CD melléklettel', 'NT-56497/M/NAT', NULL, 0, 0),
(225, 'Colores 2. Spanyol nyelvkönyv CD melléklettel', 'NT-56497/NAT', NULL, 0, 0),
(226, 'Földrajz 10. Regionális földrajz', 'NT-17136', 15, 1390, 0),
(227, 'Hitünk szent misztériumai', 'RD-0011', 4, 980, 0),
(228, 'KÉMIA 10. Szervetlen és szerves kémia tankönyv', 'MS-2620U', 12, 1690, 0),
(229, 'Matematika. Gyakorló és érettségire felkészítő feladatgyűjtemény II. (CD-melléklettel)', 'NT-16126/NAT', 2, 2690, 0),
(230, 'Solutions 2nd edition Intermediate Munkafüzet + audio CD', 'OX-4553643', NULL, 0, 0),
(231, 'Solutions 2nd edition Intermediate Student''s Book', 'OX-4552882', NULL, 0, 0),
(232, 'Történelem 10. a négyosztályos gimnáziumok és a szakközépiskolák számára', 'NT-17242', 21, 1390, 0),
(233, 'Lagune 2 Kursbuch audio-Cd-vel', 'HV-376-1625', NULL, 2595, 0),
(234, 'Lagune 2 munkafüzet', 'HV-377-601625', NULL, 2375, 0),
(235, 'Traveller Advanced C1 Student''s Book', 'EK-Traveller13', NULL, 0, 0),
(236, 'Traveller Advanced C1 Workbook', 'EK-Traveller14', NULL, 0, 0),
(237, 'BIOLÓGIA 11. – Gimnáziumi tankönyv', 'MS-2642T', 8, 1990, 3),
(238, 'Colores 3. Spanyol munkafüzet CD-melléklettel', 'NT-56498/M/NAT', NULL, 0, 0),
(239, 'Colores 3. Spanyol nyelvkönyv CD-melléklettel', 'NT-56498/NAT', NULL, 0, 0),
(240, 'FIZIKA 11. – Rezgések és hullámok. Modern fizika tankönyv    ', 'MS-2623T', 11, 1690, 3),
(241, 'Longman Érettségi Aktivátor', 'LM-1020', NULL, 0, 0),
(242, 'Matematika 11. a gimnáziumok számára', 'NT-16341/1', 2, 990, 0),
(243, 'Történelem III. középiskolák, 11. évfolyam', 'NT-14325', 21, 1490, 2),
(244, 'Quartier libre 3 + Audio-CD1-2 + DVD', 'RK-9641-860/új', NULL, 4530, 0),
(245, 'Irodalom 12. I. kötet. A késő modernség világirodalmából. Pillantás a posztmodern világirodalomra. A holokauszttéma az irodalomban. A diktatúrák világa az irodalomban', 'NT-16420/I', 7, 1830, 0),
(246, 'Irodalom 12. II.  kötet. Magyar irodalom a modernség késői időszakában. A korszak magyar költészetéből. A korszak magyar szépprózájából. Felnevelő és formáló közösségek. ', 'NT-16420/II', 7, 1830, 0),
(247, 'Magyar nyelv 12. a középiskolák számára', 'MS-2373', 7, 1690, 0),
(248, 'Történelem IV. középiskolák, 12. évfolyam', 'NT-14425/1', 21, 1840, 1);

-- --------------------------------------------------------

--
-- Tábla szerkezet ehhez a táblához `targy`
--

CREATE TABLE IF NOT EXISTS `targy` (
  `id` int(11) NOT NULL,
  `nev` varchar(100) COLLATE utf8_hungarian_ci DEFAULT NULL
) ENGINE=InnoDB AUTO_INCREMENT=23 DEFAULT CHARSET=utf8 COLLATE=utf8_hungarian_ci;

--
-- A tábla adatainak kiíratása `targy`
--

INSERT INTO `targy` (`id`, `nev`) VALUES
(1, 'Informatika'),
(2, 'Matematika'),
(3, 'Angol'),
(4, 'Hittan'),
(5, 'Német'),
(6, 'Spanyol'),
(7, 'Magyar nyelv és irodalom'),
(8, 'Biológia'),
(9, 'Ének zene'),
(10, 'Testnevelés'),
(11, 'Fizika'),
(12, 'Kémia'),
(13, 'Média'),
(14, 'Latin'),
(15, 'Földrajz'),
(16, 'Technika'),
(17, 'Úszás'),
(18, 'Adatbáziskezelés'),
(19, 'Irodalom'),
(20, 'Környezetismeret'),
(21, 'Történelem'),
(22, 'Természetismeret');

--
-- Indexek a kiírt táblákhoz
--

--
-- A tábla indexei `diak`
--
ALTER TABLE `diak`
  ADD PRIMARY KEY (`id`);

--
-- A tábla indexei `diakkonyv`
--
ALTER TABLE `diakkonyv`
  ADD PRIMARY KEY (`id`), ADD KEY `konyvId` (`konyvId`), ADD KEY `osztalyEvId` (`osztalyEvId`), ADD KEY `diakOsztalyEvId` (`diakOsztalyEvId`);

--
-- A tábla indexei `diakosztalyev`
--
ALTER TABLE `diakosztalyev`
  ADD PRIMARY KEY (`id`), ADD KEY `diakId` (`diakId`);

--
-- A tábla indexei `konyv`
--
ALTER TABLE `konyv`
  ADD PRIMARY KEY (`id`), ADD KEY `targyId` (`targyId`);

--
-- A tábla indexei `targy`
--
ALTER TABLE `targy`
  ADD PRIMARY KEY (`id`);

--
-- A kiírt táblák AUTO_INCREMENT értéke
--

--
-- AUTO_INCREMENT a táblához `diak`
--
ALTER TABLE `diak`
  MODIFY `id` int(11) NOT NULL AUTO_INCREMENT,AUTO_INCREMENT=349;
--
-- AUTO_INCREMENT a táblához `diakkonyv`
--
ALTER TABLE `diakkonyv`
  MODIFY `id` int(11) NOT NULL AUTO_INCREMENT,AUTO_INCREMENT=1146;
--
-- AUTO_INCREMENT a táblához `diakosztalyev`
--
ALTER TABLE `diakosztalyev`
  MODIFY `id` int(11) NOT NULL AUTO_INCREMENT,AUTO_INCREMENT=1056;
--
-- AUTO_INCREMENT a táblához `konyv`
--
ALTER TABLE `konyv`
  MODIFY `id` int(11) NOT NULL AUTO_INCREMENT,AUTO_INCREMENT=249;
--
-- AUTO_INCREMENT a táblához `targy`
--
ALTER TABLE `targy`
  MODIFY `id` int(11) NOT NULL AUTO_INCREMENT,AUTO_INCREMENT=23;
--
-- Megkötések a kiírt táblákhoz
--

--
-- Megkötések a táblához `diakkonyv`
--
ALTER TABLE `diakkonyv`
ADD CONSTRAINT `diakkonyv_ibfk_2` FOREIGN KEY (`konyvId`) REFERENCES `konyv` (`id`),
ADD CONSTRAINT `diakkonyv_ibfk_3` FOREIGN KEY (`diakOsztalyEvId`) REFERENCES `diakosztalyev` (`id`);

--
-- Megkötések a táblához `diakosztalyev`
--
ALTER TABLE `diakosztalyev`
ADD CONSTRAINT `diakosztalyev_ibfk_1` FOREIGN KEY (`diakId`) REFERENCES `diak` (`id`);

--
-- Megkötések a táblához `konyv`
--
ALTER TABLE `konyv`
ADD CONSTRAINT `konyv_ibfk_1` FOREIGN KEY (`targyId`) REFERENCES `targy` (`id`);

/*!40101 SET CHARACTER_SET_CLIENT=@OLD_CHARACTER_SET_CLIENT */;
/*!40101 SET CHARACTER_SET_RESULTS=@OLD_CHARACTER_SET_RESULTS */;
/*!40101 SET COLLATION_CONNECTION=@OLD_COLLATION_CONNECTION */;
